total,count,percent
2555.0,10,0.7347538574577517
809.0,9,0.6612784717119765
1675.0,7,0.5143277002204262
1117.0,7,0.5143277002204262
1144.0,7,0.5143277002204262
1219.0,6,0.440852314474651
3046.0,6,0.440852314474651
2538.0,5,0.36737692872887584
1264.0,5,0.36737692872887584
15230.0,5,0.36737692872887584
1257.0,5,0.36737692872887584
1742.0,4,0.29390154298310067
2031.0,4,0.29390154298310067
2234.0,4,0.29390154298310067
1523.0,4,0.29390154298310067
8121.0,4,0.29390154298310067
4568.0,4,0.29390154298310067
10150.0,4,0.29390154298310067
4061.0,3,0.2204261572373255
11150.0,3,0.2204261572373255
1472.0,3,0.2204261572373255
16350.0,3,0.2204261572373255
4085.0,3,0.2204261572373255
3803.0,3,0.2204261572373255
4860.0,3,0.2204261572373255
2437.0,3,0.2204261572373255
4514.0,3,0.2204261572373255
1759.0,3,0.2204261572373255
1792.0,3,0.2204261572373255
3845.0,3,0.2204261572373255
10370.0,3,0.2204261572373255
1851.0,3,0.2204261572373255
10670.0,3,0.2204261572373255
5326.0,3,0.2204261572373255
3041.0,3,0.2204261572373255
1828.0,3,0.2204261572373255
991.0,3,0.2204261572373255
16070.0,2,0.14695077149155034
3033.0,2,0.14695077149155034
6091.0,2,0.14695077149155034
1320.0,2,0.14695077149155034
2597.0,2,0.14695077149155034
1239.0,2,0.14695077149155034
922.0,2,0.14695077149155034
965.0,2,0.14695077149155034
1253.0,2,0.14695077149155034
2081.0,2,0.14695077149155034
911.0,2,0.14695077149155034
15380.0,2,0.14695077149155034
2087.0,2,0.14695077149155034
1953.0,2,0.14695077149155034
3057.0,2,0.14695077149155034
3076.0,2,0.14695077149155034
5660.0,2,0.14695077149155034
1998.0,2,0.14695077149155034
5576.0,2,0.14695077149155034
9121.0,2,0.14695077149155034
9136.0,2,0.14695077149155034
9371.0,2,0.14695077149155034
1786.0,2,0.14695077149155034
1317.0,2,0.14695077149155034
1775.0,2,0.14695077149155034
3249.0,2,0.14695077149155034
914.0,2,0.14695077149155034
16890.0,2,0.14695077149155034
1288.0,2,0.14695077149155034
13850.0,2,0.14695077149155034
1244.0,2,0.14695077149155034
12850.0,2,0.14695077149155034
1056.0,2,0.14695077149155034
4264.0,2,0.14695077149155034
13000.0,2,0.14695077149155034
4818.0,2,0.14695077149155034
3813.0,2,0.14695077149155034
15890.0,2,0.14695077149155034
16460.0,2,0.14695077149155034
4470.0,2,0.14695077149155034
3262.0,2,0.14695077149155034
1050.0,2,0.14695077149155034
14590.0,2,0.14695077149155034
884.0,2,0.14695077149155034
1216.0,2,0.14695077149155034
17030.0,2,0.14695077149155034
1167.0,2,0.14695077149155034
17100.0,2,0.14695077149155034
1142.0,2,0.14695077149155034
932.0,2,0.14695077149155034
17270.0,2,0.14695077149155034
930.0,2,0.14695077149155034
4422.0,2,0.14695077149155034
1197.0,2,0.14695077149155034
17290.0,2,0.14695077149155034
4757.0,2,0.14695077149155034
14020.0,2,0.14695077149155034
9538.0,2,0.14695077149155034
4693.0,2,0.14695077149155034
2165.0,2,0.14695077149155034
12330.0,2,0.14695077149155034
1532.0,2,0.14695077149155034
5076.0,2,0.14695077149155034
11000.0,2,0.14695077149155034
11010.0,2,0.14695077149155034
1570.0,2,0.14695077149155034
1522.0,2,0.14695077149155034
1438.0,2,0.14695077149155034
1420.0,2,0.14695077149155034
1387.0,2,0.14695077149155034
1375.0,2,0.14695077149155034
12150.0,2,0.14695077149155034
1370.0,2,0.14695077149155034
12520.0,2,0.14695077149155034
10820.0,2,0.14695077149155034
11110.0,2,0.14695077149155034
1574.0,2,0.14695077149155034
2242.0,2,0.14695077149155034
1705.0,2,0.14695077149155034
5146.0,2,0.14695077149155034
1579.0,2,0.14695077149155034
1725.0,2,0.14695077149155034
5311.0,2,0.14695077149155034
10140.0,2,0.14695077149155034
3452.0,2,0.14695077149155034
1650.0,2,0.14695077149155034
6183.0,2,0.14695077149155034
10900.0,2,0.14695077149155034
9878.0,2,0.14695077149155034
10650.0,2,0.14695077149155034
2741.0,2,0.14695077149155034
6258.0,2,0.14695077149155034
2257.0,2,0.14695077149155034
7273.0,2,0.14695077149155034
2640.0,2,0.14695077149155034
7315.0,2,0.14695077149155034
2651.0,2,0.14695077149155034
2490.0,2,0.14695077149155034
7523.0,2,0.14695077149155034
2487.0,2,0.14695077149155034
7556.0,2,0.14695077149155034
3299.0,2,0.14695077149155034
7613.0,2,0.14695077149155034
2619.0,2,0.14695077149155034
6583.0,2,0.14695077149155034
2872.0,2,0.14695077149155034
6575.0,2,0.14695077149155034
10740.0,2,0.14695077149155034
10640.0,2,0.14695077149155034
1739.0,2,0.14695077149155034
2732.0,2,0.14695077149155034
1777.0,2,0.14695077149155034
2284.0,2,0.14695077149155034
7940.0,2,0.14695077149155034
2345.0,2,0.14695077149155034
2797.0,2,0.14695077149155034
2757.0,2,0.14695077149155034
883.0,1,0.07347538574577517
961.0,1,0.07347538574577517
887.0,1,0.07347538574577517
992.0,1,0.07347538574577517
897.0,1,0.07347538574577517
903.0,1,0.07347538574577517
912.0,1,0.07347538574577517
925.0,1,0.07347538574577517
934.0,1,0.07347538574577517
935.0,1,0.07347538574577517
939.0,1,0.07347538574577517
900.0,1,0.07347538574577517
964.0,1,0.07347538574577517
973.0,1,0.07347538574577517
975.0,1,0.07347538574577517
978.0,1,0.07347538574577517
987.0,1,0.07347538574577517
1201.0,1,0.07347538574577517
1218.0,1,0.07347538574577517
1220.0,1,0.07347538574577517
1449.0,1,0.07347538574577517
841.0,1,0.07347538574577517
1451.0,1,0.07347538574577517
861.0,1,0.07347538574577517
1195.0,1,0.07347538574577517
836.0,1,0.07347538574577517
1192.0,1,0.07347538574577517
1464.0,1,0.07347538574577517
1111.0,1,0.07347538574577517
1114.0,1,0.07347538574577517
1126.0,1,0.07347538574577517
1135.0,1,0.07347538574577517
1156.0,1,0.07347538574577517
1158.0,1,0.07347538574577517
1172.0,1,0.07347538574577517
1179.0,1,0.07347538574577517
1189.0,1,0.07347538574577517
1110.0,1,0.07347538574577517
821.0,1,0.07347538574577517
1106.0,1,0.07347538574577517
1196.0,1,0.07347538574577517
993.0,1,0.07347538574577517
989.0,1,0.07347538574577517
677.0,1,0.07347538574577517
756.0,1,0.07347538574577517
762.0,1,0.07347538574577517
791.0,1,0.07347538574577517
801.0,1,0.07347538574577517
813.0,1,0.07347538574577517
1458.0,1,0.07347538574577517
1242.0,1,0.07347538574577517
1467.0,1,0.07347538574577517
1303.0,1,0.07347538574577517
1232.0,1,0.07347538574577517
1243.0,1,0.07347538574577517
1261.0,1,0.07347538574577517
1266.0,1,0.07347538574577517
1267.0,1,0.07347538574577517
1269.0,1,0.07347538574577517
1286.0,1,0.07347538574577517
1295.0,1,0.07347538574577517
1297.0,1,0.07347538574577517
1302.0,1,0.07347538574577517
1312.0,1,0.07347538574577517
1468.0,1,0.07347538574577517
1319.0,1,0.07347538574577517
1324.0,1,0.07347538574577517
1327.0,1,0.07347538574577517
1329.0,1,0.07347538574577517
1341.0,1,0.07347538574577517
1355.0,1,0.07347538574577517
1358.0,1,0.07347538574577517
1371.0,1,0.07347538574577517
1379.0,1,0.07347538574577517
999.0,1,0.07347538574577517
1227.0,1,0.07347538574577517
1422.0,1,0.07347538574577517
1423.0,1,0.07347538574577517
1429.0,1,0.07347538574577517
1476.0,1,0.07347538574577517
1506.0,1,0.07347538574577517
1507.0,1,0.07347538574577517
1513.0,1,0.07347538574577517
1528.0,1,0.07347538574577517
1530.0,1,0.07347538574577517
1445.0,1,0.07347538574577517
1542.0,1,0.07347538574577517
1556.0,1,0.07347538574577517
1564.0,1,0.07347538574577517
1566.0,1,0.07347538574577517
1575.0,1,0.07347538574577517
1583.0,1,0.07347538574577517
1585.0,1,0.07347538574577517
1587.0,1,0.07347538574577517
1588.0,1,0.07347538574577517
1593.0,1,0.07347538574577517
1597.0,1,0.07347538574577517
1598.0,1,0.07347538574577517
1599.0,1,0.07347538574577517
1553.0,1,0.07347538574577517
1100.0,1,0.07347538574577517
1748.0,1,0.07347538574577517
1097.0,1,0.07347538574577517
2450.0,1,0.07347538574577517
2119.0,1,0.07347538574577517
2132.0,1,0.07347538574577517
2404.0,1,0.07347538574577517
2422.0,1,0.07347538574577517
2423.0,1,0.07347538574577517
2426.0,1,0.07347538574577517
2427.0,1,0.07347538574577517
2434.0,1,0.07347538574577517
2435.0,1,0.07347538574577517
2442.0,1,0.07347538574577517
2455.0,1,0.07347538574577517
2531.0,1,0.07347538574577517
2457.0,1,0.07347538574577517
2460.0,1,0.07347538574577517
2383.0,1,0.07347538574577517
2467.0,1,0.07347538574577517
2496.0,1,0.07347538574577517
2497.0,1,0.07347538574577517
2503.0,1,0.07347538574577517
2504.0,1,0.07347538574577517
2514.0,1,0.07347538574577517
2521.0,1,0.07347538574577517
2108.0,1,0.07347538574577517
1400.0,1,0.07347538574577517
1809.0,1,0.07347538574577517
1808.0,1,0.07347538574577517
1671.0,1,0.07347538574577517
1674.0,1,0.07347538574577517
1686.0,1,0.07347538574577517
1690.0,1,0.07347538574577517
1693.0,1,0.07347538574577517
1707.0,1,0.07347538574577517
1711.0,1,0.07347538574577517
1716.0,1,0.07347538574577517
1726.0,1,0.07347538574577517
1816.0,1,0.07347538574577517
1732.0,1,0.07347538574577517
1749.0,1,0.07347538574577517
1750.0,1,0.07347538574577517
1751.0,1,0.07347538574577517
1756.0,1,0.07347538574577517
1764.0,1,0.07347538574577517
1766.0,1,0.07347538574577517
1767.0,1,0.07347538574577517
1773.0,1,0.07347538574577517
1788.0,1,0.07347538574577517
1795.0,1,0.07347538574577517
2523.0,1,0.07347538574577517
2536.0,1,0.07347538574577517
1091.0,1,0.07347538574577517
1613.0,1,0.07347538574577517
2264.0,1,0.07347538574577517
2289.0,1,0.07347538574577517
2290.0,1,0.07347538574577517
2299.0,1,0.07347538574577517
2312.0,1,0.07347538574577517
2331.0,1,0.07347538574577517
2343.0,1,0.07347538574577517
2344.0,1,0.07347538574577517
1623.0,1,0.07347538574577517
2580.0,1,0.07347538574577517
1607.0,1,0.07347538574577517
2544.0,1,0.07347538574577517
1016.0,1,0.07347538574577517
1019.0,1,0.07347538574577517
1044.0,1,0.07347538574577517
1048.0,1,0.07347538574577517
1054.0,1,0.07347538574577517
1058.0,1,0.07347538574577517
1076.0,1,0.07347538574577517
1079.0,1,0.07347538574577517
1082.0,1,0.07347538574577517
1084.0,1,0.07347538574577517
4194.0,1,0.07347538574577517
2230.0,1,0.07347538574577517
2229.0,1,0.07347538574577517
2226.0,1,0.07347538574577517
2564.0,1,0.07347538574577517
2573.0,1,0.07347538574577517
2470.0,1,0.07347538574577517
2375.0,1,0.07347538574577517
2361.0,1,0.07347538574577517
2354.0,1,0.07347538574577517
2133.0,1,0.07347538574577517
2136.0,1,0.07347538574577517
2141.0,1,0.07347538574577517
2151.0,1,0.07347538574577517
2171.0,1,0.07347538574577517
2174.0,1,0.07347538574577517
2176.0,1,0.07347538574577517
2178.0,1,0.07347538574577517
2186.0,1,0.07347538574577517
2187.0,1,0.07347538574577517
2191.0,1,0.07347538574577517
2192.0,1,0.07347538574577517
2198.0,1,0.07347538574577517
2212.0,1,0.07347538574577517
2220.0,1,0.07347538574577517
1390.0,1,0.07347538574577517
3762.0,1,0.07347538574577517
1404.0,1,0.07347538574577517
2615.0,1,0.07347538574577517
4058.0,1,0.07347538574577517
2881.0,1,0.07347538574577517
2882.0,1,0.07347538574577517
2892.0,1,0.07347538574577517
2899.0,1,0.07347538574577517
2827.0,1,0.07347538574577517
2908.0,1,0.07347538574577517
2713.0,1,0.07347538574577517
2702.0,1,0.07347538574577517
2598.0,1,0.07347538574577517
2616.0,1,0.07347538574577517
3998.0,1,0.07347538574577517
4185.0,1,0.07347538574577517
2617.0,1,0.07347538574577517
4162.0,1,0.07347538574577517
4153.0,1,0.07347538574577517
4136.0,1,0.07347538574577517
4131.0,1,0.07347538574577517
4128.0,1,0.07347538574577517
2710.0,1,0.07347538574577517
2642.0,1,0.07347538574577517
2664.0,1,0.07347538574577517
2858.0,1,0.07347538574577517
2841.0,1,0.07347538574577517
1411.0,1,0.07347538574577517
4080.0,1,0.07347538574577517
3825.0,1,0.07347538574577517
3823.0,1,0.07347538574577517
3595.0,1,0.07347538574577517
3600.0,1,0.07347538574577517
3616.0,1,0.07347538574577517
3626.0,1,0.07347538574577517
3146.0,1,0.07347538574577517
3198.0,1,0.07347538574577517
2854.0,1,0.07347538574577517
2730.0,1,0.07347538574577517
4067.0,1,0.07347538574577517
2840.0,1,0.07347538574577517
4065.0,1,0.07347538574577517
2743.0,1,0.07347538574577517
4064.0,1,0.07347538574577517
2758.0,1,0.07347538574577517
2773.0,1,0.07347538574577517
2792.0,1,0.07347538574577517
2796.0,1,0.07347538574577517
2729.0,1,0.07347538574577517
2812.0,1,0.07347538574577517
2832.0,1,0.07347538574577517
2680.0,1,0.07347538574577517
2684.0,1,0.07347538574577517
2686.0,1,0.07347538574577517
2939.0,1,0.07347538574577517
4038.0,1,0.07347538574577517
3048.0,1,0.07347538574577517
4047.0,1,0.07347538574577517
3110.0,1,0.07347538574577517
4034.0,1,0.07347538574577517
3134.0,1,0.07347538574577517
2944.0,1,0.07347538574577517
3136.0,1,0.07347538574577517
3119.0,1,0.07347538574577517
2948.0,1,0.07347538574577517
2928.0,1,0.07347538574577517
2687.0,1,0.07347538574577517
2957.0,1,0.07347538574577517
4001.0,1,0.07347538574577517
3140.0,1,0.07347538574577517
3120.0,1,0.07347538574577517
2959.0,1,0.07347538574577517
2968.0,1,0.07347538574577517
2977.0,1,0.07347538574577517
4007.0,1,0.07347538574577517
4053.0,1,0.07347538574577517
4050.0,1,0.07347538574577517
4044.0,1,0.07347538574577517
3039.0,1,0.07347538574577517
4045.0,1,0.07347538574577517
3065.0,1,0.07347538574577517
4108.0,1,0.07347538574577517
4104.0,1,0.07347538574577517
2688.0,1,0.07347538574577517
4103.0,1,0.07347538574577517
2698.0,1,0.07347538574577517
4127.0,1,0.07347538574577517
2917.0,1,0.07347538574577517
3787.0,1,0.07347538574577517
3000.0,1,0.07347538574577517
3052.0,1,0.07347538574577517
3105.0,1,0.07347538574577517
3007.0,1,0.07347538574577517
3013.0,1,0.07347538574577517
3101.0,1,0.07347538574577517
3093.0,1,0.07347538574577517
4031.0,1,0.07347538574577517
3014.0,1,0.07347538574577517
2991.0,1,0.07347538574577517
3029.0,1,0.07347538574577517
2923.0,1,0.07347538574577517
3038.0,1,0.07347538574577517
3827.0,1,0.07347538574577517
3591.0,1,0.07347538574577517
3829.0,1,0.07347538574577517
3988.0,1,0.07347538574577517
3474.0,1,0.07347538574577517
3368.0,1,0.07347538574577517
3939.0,1,0.07347538574577517
3298.0,1,0.07347538574577517
3278.0,1,0.07347538574577517
3993.0,1,0.07347538574577517
3185.0,1,0.07347538574577517
3989.0,1,0.07347538574577517
3193.0,1,0.07347538574577517
3195.0,1,0.07347538574577517
3196.0,1,0.07347538574577517
3956.0,1,0.07347538574577517
3780.0,1,0.07347538574577517
3209.0,1,0.07347538574577517
3210.0,1,0.07347538574577517
3214.0,1,0.07347538574577517
3215.0,1,0.07347538574577517
3218.0,1,0.07347538574577517
3974.0,1,0.07347538574577517
3959.0,1,0.07347538574577517
3236.0,1,0.07347538574577517
3241.0,1,0.07347538574577517
3473.0,1,0.07347538574577517
3458.0,1,0.07347538574577517
3416.0,1,0.07347538574577517
3386.0,1,0.07347538574577517
1610.0,1,0.07347538574577517
2582.0,1,0.07347538574577517
54430.0,1,0.07347538574577517
3541.0,1,0.07347538574577517
3935.0,1,0.07347538574577517
3310.0,1,0.07347538574577517
3920.0,1,0.07347538574577517
3316.0,1,0.07347538574577517
3910.0,1,0.07347538574577517
3319.0,1,0.07347538574577517
3906.0,1,0.07347538574577517
3883.0,1,0.07347538574577517
3326.0,1,0.07347538574577517
3344.0,1,0.07347538574577517
3938.0,1,0.07347538574577517
3367.0,1,0.07347538574577517
3370.0,1,0.07347538574577517
3380.0,1,0.07347538574577517
3878.0,1,0.07347538574577517
3870.0,1,0.07347538574577517
3382.0,1,0.07347538574577517
3245.0,1,0.07347538574577517
3948.0,1,0.07347538574577517
3833.0,1,0.07347538574577517
3517.0,1,0.07347538574577517
3769.0,1,0.07347538574577517
3770.0,1,0.07347538574577517
3775.0,1,0.07347538574577517
3788.0,1,0.07347538574577517
3630.0,1,0.07347538574577517
3163.0,1,0.07347538574577517
3629.0,1,0.07347538574577517
3620.0,1,0.07347538574577517
3516.0,1,0.07347538574577517
3858.0,1,0.07347538574577517
3521.0,1,0.07347538574577517
3946.0,1,0.07347538574577517
3857.0,1,0.07347538574577517
2589.0,1,0.07347538574577517
3850.0,1,0.07347538574577517
3836.0,1,0.07347538574577517
3835.0,1,0.07347538574577517
3553.0,1,0.07347538574577517
3555.0,1,0.07347538574577517
3575.0,1,0.07347538574577517
3584.0,1,0.07347538574577517
3586.0,1,0.07347538574577517
3767.0,1,0.07347538574577517
6155.0,1,0.07347538574577517
3795.0,1,0.07347538574577517
3756.0,1,0.07347538574577517
3259.0,1,0.07347538574577517
3940.0,1,0.07347538574577517
3485.0,1,0.07347538574577517
3868.0,1,0.07347538574577517
3489.0,1,0.07347538574577517
3499.0,1,0.07347538574577517
3646.0,1,0.07347538574577517
3651.0,1,0.07347538574577517
3653.0,1,0.07347538574577517
3654.0,1,0.07347538574577517
3815.0,1,0.07347538574577517
3655.0,1,0.07347538574577517
3667.0,1,0.07347538574577517
3675.0,1,0.07347538574577517
3678.0,1,0.07347538574577517
3683.0,1,0.07347538574577517
3717.0,1,0.07347538574577517
3735.0,1,0.07347538574577517
3801.0,1,0.07347538574577517
3751.0,1,0.07347538574577517
3800.0,1,0.07347538574577517
1668.0,1,0.07347538574577517
660.0,1,0.07347538574577517
1625.0,1,0.07347538574577517
4425.0,1,0.07347538574577517
4466.0,1,0.07347538574577517
4456.0,1,0.07347538574577517
4447.0,1,0.07347538574577517
4438.0,1,0.07347538574577517
4431.0,1,0.07347538574577517
4428.0,1,0.07347538574577517
4411.0,1,0.07347538574577517
24110.0,1,0.07347538574577517
4403.0,1,0.07347538574577517
4402.0,1,0.07347538574577517
4395.0,1,0.07347538574577517
4353.0,1,0.07347538574577517
4344.0,1,0.07347538574577517
4341.0,1,0.07347538574577517
4489.0,1,0.07347538574577517
4498.0,1,0.07347538574577517
13670.0,1,0.07347538574577517
5173.0,1,0.07347538574577517
5229.0,1,0.07347538574577517
5228.0,1,0.07347538574577517
5226.0,1,0.07347538574577517
5201.0,1,0.07347538574577517
5194.0,1,0.07347538574577517
5185.0,1,0.07347538574577517
5162.0,1,0.07347538574577517
4503.0,1,0.07347538574577517
5157.0,1,0.07347538574577517
5148.0,1,0.07347538574577517
4850.0,1,0.07347538574577517
4833.0,1,0.07347538574577517
4827.0,1,0.07347538574577517
4520.0,1,0.07347538574577517
4338.0,1,0.07347538574577517
4312.0,1,0.07347538574577517
4281.0,1,0.07347538574577517
4670.0,1,0.07347538574577517
4735.0,1,0.07347538574577517
4718.0,1,0.07347538574577517
4707.0,1,0.07347538574577517
4694.0,1,0.07347538574577517
4692.0,1,0.07347538574577517
4678.0,1,0.07347538574577517
4666.0,1,0.07347538574577517
4280.0,1,0.07347538574577517
4657.0,1,0.07347538574577517
4652.0,1,0.07347538574577517
4639.0,1,0.07347538574577517
4589.0,1,0.07347538574577517
4585.0,1,0.07347538574577517
4584.0,1,0.07347538574577517
4740.0,1,0.07347538574577517
4760.0,1,0.07347538574577517
4771.0,1,0.07347538574577517
4773.0,1,0.07347538574577517
4801.0,1,0.07347538574577517
4805.0,1,0.07347538574577517
4542.0,1,0.07347538574577517
4810.0,1,0.07347538574577517
4538.0,1,0.07347538574577517
4513.0,1,0.07347538574577517
4208.0,1,0.07347538574577517
4215.0,1,0.07347538574577517
4223.0,1,0.07347538574577517
4226.0,1,0.07347538574577517
4237.0,1,0.07347538574577517
4246.0,1,0.07347538574577517
4270.0,1,0.07347538574577517
5235.0,1,0.07347538574577517
5248.0,1,0.07347538574577517
5257.0,1,0.07347538574577517
5018.0,1,0.07347538574577517
5105.0,1,0.07347538574577517
5103.0,1,0.07347538574577517
5101.0,1,0.07347538574577517
5080.0,1,0.07347538574577517
5065.0,1,0.07347538574577517
5027.0,1,0.07347538574577517
5004.0,1,0.07347538574577517
7909.0,1,0.07347538574577517
4999.0,1,0.07347538574577517
4995.0,1,0.07347538574577517
4987.0,1,0.07347538574577517
4985.0,1,0.07347538574577517
4982.0,1,0.07347538574577517
4973.0,1,0.07347538574577517
4966.0,1,0.07347538574577517
4207.0,1,0.07347538574577517
7958.0,1,0.07347538574577517
7999.0,1,0.07347538574577517
12930.0,1,0.07347538574577517
13020.0,1,0.07347538574577517
13060.0,1,0.07347538574577517
13100.0,1,0.07347538574577517
13140.0,1,0.07347538574577517
13170.0,1,0.07347538574577517
13180.0,1,0.07347538574577517
13380.0,1,0.07347538574577517
13390.0,1,0.07347538574577517
13410.0,1,0.07347538574577517
13430.0,1,0.07347538574577517
13450.0,1,0.07347538574577517
13460.0,1,0.07347538574577517
4963.0,1,0.07347538574577517
4962.0,1,0.07347538574577517
5266.0,1,0.07347538574577517
5360.0,1,0.07347538574577517
5426.0,1,0.07347538574577517
5407.0,1,0.07347538574577517
5401.0,1,0.07347538574577517
5376.0,1,0.07347538574577517
5370.0,1,0.07347538574577517
5368.0,1,0.07347538574577517
5343.0,1,0.07347538574577517
4956.0,1,0.07347538574577517
5323.0,1,0.07347538574577517
5321.0,1,0.07347538574577517
5318.0,1,0.07347538574577517
5301.0,1,0.07347538574577517
5288.0,1,0.07347538574577517
5279.0,1,0.07347538574577517
5434.0,1,0.07347538574577517
5127.0,1,0.07347538574577517
5122.0,1,0.07347538574577517
5118.0,1,0.07347538574577517
5110.0,1,0.07347538574577517
4873.0,1,0.07347538574577517
4892.0,1,0.07347538574577517
4896.0,1,0.07347538574577517
4902.0,1,0.07347538574577517
4907.0,1,0.07347538574577517
4910.0,1,0.07347538574577517
4914.0,1,0.07347538574577517
4923.0,1,0.07347538574577517
4933.0,1,0.07347538574577517
4950.0,1,0.07347538574577517
4953.0,1,0.07347538574577517
4955.0,1,0.07347538574577517
4578.0,1,0.07347538574577517
4574.0,1,0.07347538574577517
4573.0,1,0.07347538574577517
5614.0,1,0.07347538574577517
5833.0,1,0.07347538574577517
5792.0,1,0.07347538574577517
5725.0,1,0.07347538574577517
5685.0,1,0.07347538574577517
5667.0,1,0.07347538574577517
5641.0,1,0.07347538574577517
5595.0,1,0.07347538574577517
5518.0,1,0.07347538574577517
5583.0,1,0.07347538574577517
5568.0,1,0.07347538574577517
5555.0,1,0.07347538574577517
5548.0,1,0.07347538574577517
5546.0,1,0.07347538574577517
5534.0,1,0.07347538574577517
5834.0,1,0.07347538574577517
5841.0,1,0.07347538574577517
5869.0,1,0.07347538574577517
5901.0,1,0.07347538574577517
5941.0,1,0.07347538574577517
5951.0,1,0.07347538574577517
5983.0,1,0.07347538574577517
5984.0,1,0.07347538574577517
6047.0,1,0.07347538574577517
6073.0,1,0.07347538574577517
6076.0,1,0.07347538574577517
6083.0,1,0.07347538574577517
6104.0,1,0.07347538574577517
5482.0,1,0.07347538574577517
6591.0,1,0.07347538574577517
6621.0,1,0.07347538574577517
7453.0,1,0.07347538574577517
5519.0,1,0.07347538574577517
5491.0,1,0.07347538574577517
7460.0,1,0.07347538574577517
6268.0,1,0.07347538574577517
6345.0,1,0.07347538574577517
6341.0,1,0.07347538574577517
6337.0,1,0.07347538574577517
6316.0,1,0.07347538574577517
6300.0,1,0.07347538574577517
6288.0,1,0.07347538574577517
6227.0,1,0.07347538574577517
6098.0,1,0.07347538574577517
6222.0,1,0.07347538574577517
6213.0,1,0.07347538574577517
6194.0,1,0.07347538574577517
6184.0,1,0.07347538574577517
6175.0,1,0.07347538574577517
6166.0,1,0.07347538574577517
6347.0,1,0.07347538574577517
6376.0,1,0.07347538574577517
6416.0,1,0.07347538574577517
6433.0,1,0.07347538574577517
6447.0,1,0.07347538574577517
6489.0,1,0.07347538574577517
6504.0,1,0.07347538574577517
6508.0,1,0.07347538574577517
6511.0,1,0.07347538574577517
6513.0,1,0.07347538574577517
6556.0,1,0.07347538574577517
6558.0,1,0.07347538574577517
6570.0,1,0.07347538574577517
6572.0,1,0.07347538574577517
6133.0,1,0.07347538574577517
6579.0,1,0.07347538574577517
6125.0,1,0.07347538574577517
7458.0,1,0.07347538574577517
7494.0,1,0.07347538574577517
4569.0,1,0.07347538574577517
7031.0,1,0.07347538574577517
7157.0,1,0.07347538574577517
7133.0,1,0.07347538574577517
7131.0,1,0.07347538574577517
7123.0,1,0.07347538574577517
7098.0,1,0.07347538574577517
7044.0,1,0.07347538574577517
6973.0,1,0.07347538574577517
6805.0,1,0.07347538574577517
6966.0,1,0.07347538574577517
6958.0,1,0.07347538574577517
6944.0,1,0.07347538574577517
6925.0,1,0.07347538574577517
6916.0,1,0.07347538574577517
6888.0,1,0.07347538574577517
7165.0,1,0.07347538574577517
7200.0,1,0.07347538574577517
7207.0,1,0.07347538574577517
7240.0,1,0.07347538574577517
7246.0,1,0.07347538574577517
7248.0,1,0.07347538574577517
7265.0,1,0.07347538574577517
7283.0,1,0.07347538574577517
7320.0,1,0.07347538574577517
5460.0,1,0.07347538574577517
5441.0,1,0.07347538574577517
5440.0,1,0.07347538574577517
4559.0,1,0.07347538574577517
4561.0,1,0.07347538574577517
4562.0,1,0.07347538574577517
4563.0,1,0.07347538574577517
4564.0,1,0.07347538574577517
6807.0,1,0.07347538574577517
6766.0,1,0.07347538574577517
7497.0,1,0.07347538574577517
7652.0,1,0.07347538574577517
7743.0,1,0.07347538574577517
7735.0,1,0.07347538574577517
7729.0,1,0.07347538574577517
7722.0,1,0.07347538574577517
7690.0,1,0.07347538574577517
7659.0,1,0.07347538574577517
7637.0,1,0.07347538574577517
6758.0,1,0.07347538574577517
7606.0,1,0.07347538574577517
7578.0,1,0.07347538574577517
7570.0,1,0.07347538574577517
7565.0,1,0.07347538574577517
7540.0,1,0.07347538574577517
7531.0,1,0.07347538574577517
7751.0,1,0.07347538574577517
7765.0,1,0.07347538574577517
7774.0,1,0.07347538574577517
7781.0,1,0.07347538574577517
7843.0,1,0.07347538574577517
7854.0,1,0.07347538574577517
7869.0,1,0.07347538574577517
7880.0,1,0.07347538574577517
7891.0,1,0.07347538574577517
7903.0,1,0.07347538574577517
7426.0,1,0.07347538574577517
6598.0,1,0.07347538574577517
7336.0,1,0.07347538574577517
7295.0,1,0.07347538574577517
6667.0,1,0.07347538574577517
6675.0,1,0.07347538574577517
6700.0,1,0.07347538574577517
13520.0,1,0.07347538574577517
13680.0,1,0.07347538574577517
1810.0,1,0.07347538574577517
10190.0,1,0.07347538574577517
10340.0,1,0.07347538574577517
10330.0,1,0.07347538574577517
10290.0,1,0.07347538574577517
10250.0,1,0.07347538574577517
10230.0,1,0.07347538574577517
10220.0,1,0.07347538574577517
10170.0,1,0.07347538574577517
10400.0,1,0.07347538574577517
9218.0,1,0.07347538574577517
9209.0,1,0.07347538574577517
9205.0,1,0.07347538574577517
8642.0,1,0.07347538574577517
8613.0,1,0.07347538574577517
8600.0,1,0.07347538574577517
10380.0,1,0.07347538574577517
10420.0,1,0.07347538574577517
13700.0,1,0.07347538574577517
10800.0,1,0.07347538574577517
10990.0,1,0.07347538574577517
10960.0,1,0.07347538574577517
10920.0,1,0.07347538574577517
10890.0,1,0.07347538574577517
10880.0,1,0.07347538574577517
10810.0,1,0.07347538574577517
10700.0,1,0.07347538574577517
10470.0,1,0.07347538574577517
10620.0,1,0.07347538574577517
10560.0,1,0.07347538574577517
10550.0,1,0.07347538574577517
10530.0,1,0.07347538574577517
10520.0,1,0.07347538574577517
10500.0,1,0.07347538574577517
8546.0,1,0.07347538574577517
8538.0,1,0.07347538574577517
8506.0,1,0.07347538574577517
8621.0,1,0.07347538574577517
8069.0,1,0.07347538574577517
8030.0,1,0.07347538574577517
8015.0,1,0.07347538574577517
8011.0,1,0.07347538574577517
8006.0,1,0.07347538574577517
8003.0,1,0.07347538574577517
8646.0,1,0.07347538574577517
8485.0,1,0.07347538574577517
9197.0,1,0.07347538574577517
8647.0,1,0.07347538574577517
9165.0,1,0.07347538574577517
9162.0,1,0.07347538574577517
9149.0,1,0.07347538574577517
9126.0,1,0.07347538574577517
8072.0,1,0.07347538574577517
8086.0,1,0.07347538574577517
8091.0,1,0.07347538574577517
8102.0,1,0.07347538574577517
8104.0,1,0.07347538574577517
8119.0,1,0.07347538574577517
8165.0,1,0.07347538574577517
8270.0,1,0.07347538574577517
8287.0,1,0.07347538574577517
8324.0,1,0.07347538574577517
8355.0,1,0.07347538574577517
8360.0,1,0.07347538574577517
8396.0,1,0.07347538574577517
8400.0,1,0.07347538574577517
8413.0,1,0.07347538574577517
8443.0,1,0.07347538574577517
8471.0,1,0.07347538574577517
11040.0,1,0.07347538574577517
11060.0,1,0.07347538574577517
11080.0,1,0.07347538574577517
1917.0,1,0.07347538574577517
2012.0,1,0.07347538574577517
2010.0,1,0.07347538574577517
2009.0,1,0.07347538574577517
1995.0,1,0.07347538574577517
1981.0,1,0.07347538574577517
1971.0,1,0.07347538574577517
1911.0,1,0.07347538574577517
9640.0,1,0.07347538574577517
1850.0,1,0.07347538574577517
1848.0,1,0.07347538574577517
1842.0,1,0.07347538574577517
1836.0,1,0.07347538574577517
4193.0,1,0.07347538574577517
4491.0,1,0.07347538574577517
1833.0,1,0.07347538574577517
2013.0,1,0.07347538574577517
2028.0,1,0.07347538574577517
2030.0,1,0.07347538574577517
2032.0,1,0.07347538574577517
2040.0,1,0.07347538574577517
2045.0,1,0.07347538574577517
2049.0,1,0.07347538574577517
2053.0,1,0.07347538574577517
2071.0,1,0.07347538574577517
2076.0,1,0.07347538574577517
2101.0,1,0.07347538574577517
2103.0,1,0.07347538574577517
2105.0,1,0.07347538574577517
2015.0,1,0.07347538574577517
2106.0,1,0.07347538574577517
1817.0,1,0.07347538574577517
4195.0,1,0.07347538574577517
10030.0,1,0.07347538574577517
10160.0,1,0.07347538574577517
9405.0,1,0.07347538574577517
9505.0,1,0.07347538574577517
9491.0,1,0.07347538574577517
9484.0,1,0.07347538574577517
9465.0,1,0.07347538574577517
9426.0,1,0.07347538574577517
9408.0,1,0.07347538574577517
9328.0,1,0.07347538574577517
9998.0,1,0.07347538574577517
9323.0,1,0.07347538574577517
9251.0,1,0.07347538574577517
9241.0,1,0.07347538574577517
10040.0,1,0.07347538574577517
10060.0,1,0.07347538574577517
10130.0,1,0.07347538574577517
9564.0,1,0.07347538574577517
9566.0,1,0.07347538574577517
9627.0,1,0.07347538574577517
7987.0,1,0.07347538574577517
9628.0,1,0.07347538574577517
9646.0,1,0.07347538574577517
9678.0,1,0.07347538574577517
9703.0,1,0.07347538574577517
9770.0,1,0.07347538574577517
9786.0,1,0.07347538574577517
9832.0,1,0.07347538574577517
9871.0,1,0.07347538574577517
9889.0,1,0.07347538574577517
9898.0,1,0.07347538574577517
9930.0,1,0.07347538574577517
9942.0,1,0.07347538574577517
9970.0,1,0.07347538574577517
9120.0,1,0.07347538574577517
9051.0,1,0.07347538574577517
9035.0,1,0.07347538574577517
12640.0,1,0.07347538574577517
14680.0,1,0.07347538574577517
14530.0,1,0.07347538574577517
11320.0,1,0.07347538574577517
12730.0,1,0.07347538574577517
12690.0,1,0.07347538574577517
12650.0,1,0.07347538574577517
12550.0,1,0.07347538574577517
12080.0,1,0.07347538574577517
12480.0,1,0.07347538574577517
12470.0,1,0.07347538574577517
12450.0,1,0.07347538574577517
12380.0,1,0.07347538574577517
12270.0,1,0.07347538574577517
12180.0,1,0.07347538574577517
16800.0,1,0.07347538574577517
16900.0,1,0.07347538574577517
16980.0,1,0.07347538574577517
17080.0,1,0.07347538574577517
17140.0,1,0.07347538574577517
17170.0,1,0.07347538574577517
17280.0,1,0.07347538574577517
17310.0,1,0.07347538574577517
17430.0,1,0.07347538574577517
17470.0,1,0.07347538574577517
17480.0,1,0.07347538574577517
17560.0,1,0.07347538574577517
17850.0,1,0.07347538574577517
17930.0,1,0.07347538574577517
18020.0,1,0.07347538574577517
18310.0,1,0.07347538574577517
18710.0,1,0.07347538574577517
12140.0,1,0.07347538574577517
12030.0,1,0.07347538574577517
19520.0,1,0.07347538574577517
14200.0,1,0.07347538574577517
14520.0,1,0.07347538574577517
12920.0,1,0.07347538574577517
14430.0,1,0.07347538574577517
14360.0,1,0.07347538574577517
14350.0,1,0.07347538574577517
14290.0,1,0.07347538574577517
14150.0,1,0.07347538574577517
11970.0,1,0.07347538574577517
14050.0,1,0.07347538574577517
14030.0,1,0.07347538574577517
14000.0,1,0.07347538574577517
13990.0,1,0.07347538574577517
13910.0,1,0.07347538574577517
13740.0,1,0.07347538574577517
12860.0,1,0.07347538574577517
12710.0,1,0.07347538574577517
11330.0,1,0.07347538574577517
11350.0,1,0.07347538574577517
11400.0,1,0.07347538574577517
11410.0,1,0.07347538574577517
11420.0,1,0.07347538574577517
11440.0,1,0.07347538574577517
11460.0,1,0.07347538574577517
11480.0,1,0.07347538574577517
11490.0,1,0.07347538574577517
11520.0,1,0.07347538574577517
11650.0,1,0.07347538574577517
11730.0,1,0.07347538574577517
11790.0,1,0.07347538574577517
11830.0,1,0.07347538574577517
11950.0,1,0.07347538574577517
18840.0,1,0.07347538574577517
19560.0,1,0.07347538574577517
9019.0,1,0.07347538574577517
11200.0,1,0.07347538574577517
8697.0,1,0.07347538574577517
8696.0,1,0.07347538574577517
8687.0,1,0.07347538574577517
8663.0,1,0.07347538574577517
11140.0,1,0.07347538574577517
11160.0,1,0.07347538574577517
16630.0,1,0.07347538574577517
16060.0,1,0.07347538574577517
16510.0,1,0.07347538574577517
16480.0,1,0.07347538574577517
16410.0,1,0.07347538574577517
16400.0,1,0.07347538574577517
16310.0,1,0.07347538574577517
16270.0,1,0.07347538574577517
8708.0,1,0.07347538574577517
8721.0,1,0.07347538574577517
8743.0,1,0.07347538574577517
8763.0,1,0.07347538574577517
8773.0,1,0.07347538574577517
8805.0,1,0.07347538574577517
8821.0,1,0.07347538574577517
8829.0,1,0.07347538574577517
8871.0,1,0.07347538574577517
8895.0,1,0.07347538574577517
8914.0,1,0.07347538574577517
8921.0,1,0.07347538574577517
8939.0,1,0.07347538574577517
8950.0,1,0.07347538574577517
8955.0,1,0.07347538574577517
8997.0,1,0.07347538574577517
9006.0,1,0.07347538574577517
16230.0,1,0.07347538574577517
16050.0,1,0.07347538574577517
19640.0,1,0.07347538574577517
23980.0,1,0.07347538574577517
14860.0,1,0.07347538574577517
14770.0,1,0.07347538574577517
16560.0,1,0.07347538574577517
16660.0,1,0.07347538574577517
14610.0,1,0.07347538574577517
16790.0,1,0.07347538574577517
23340.0,1,0.07347538574577517
16040.0,1,0.07347538574577517
21820.0,1,0.07347538574577517
21680.0,1,0.07347538574577517
21520.0,1,0.07347538574577517
20670.0,1,0.07347538574577517
20250.0,1,0.07347538574577517
20230.0,1,0.07347538574577517
14890.0,1,0.07347538574577517
14990.0,1,0.07347538574577517
15000.0,1,0.07347538574577517
15030.0,1,0.07347538574577517
15050.0,1,0.07347538574577517
15130.0,1,0.07347538574577517
15150.0,1,0.07347538574577517
15190.0,1,0.07347538574577517
15400.0,1,0.07347538574577517
15480.0,1,0.07347538574577517
15500.0,1,0.07347538574577517
15520.0,1,0.07347538574577517
15550.0,1,0.07347538574577517
15560.0,1,0.07347538574577517
15790.0,1,0.07347538574577517
15830.0,1,0.07347538574577517
15880.0,1,0.07347538574577517
1648.0,1,0.07347538574577517
