city,area,rooms,bathroom,parking spaces,floor,animal,furniture,hoa,rent amount,property tax,fire insurance,total
1.0,240.0,3.0,3.0,4.0,,1.0,1.0,0.0,8000.0,1000.0,121.0,9121.0
1.0,19.0,1.0,1.0,0.0,,0.0,0.0,0.0,1200.0,41.0,16.0,1257.0
0.0,188.0,2.0,3.0,8.0,,1.0,0.0,0.0,3010.0,584.0,46.0,3640.0
1.0,100.0,3.0,2.0,1.0,,1.0,0.0,0.0,3500.0,260.0,53.0,3813.0
1.0,155.0,3.0,3.0,2.0,,1.0,0.0,0.0,2650.0,233.0,40.0,2923.0
1.0,320.0,3.0,3.0,4.0,,1.0,0.0,0.0,9000.0,1000.0,136.0,10140.0
1.0,130.0,3.0,3.0,2.0,,1.0,0.0,0.0,6000.0,84.0,91.0,6175.0
1.0,120.0,3.0,1.0,4.0,,1.0,0.0,0.0,3500.0,234.0,53.0,3787.0
1.0,250.0,3.0,4.0,2.0,,1.0,0.0,300.0,3480.0,360.0,53.0,4193.0
1.0,250.0,4.0,4.0,2.0,,0.0,0.0,,6600.0,0.0,100.0,6700.0
1.0,180.0,3.0,4.0,5.0,,1.0,0.0,,3300.0,266.0,50.0,3616.0
1.0,340.0,3.0,4.0,3.0,,1.0,1.0,0.0,9800.0,392.0,148.0,10340.0
1.0,90.0,2.0,1.0,0.0,,0.0,0.0,0.0,1450.0,50.0,22.0,1522.0
0.0,650.0,5.0,4.0,8.0,,1.0,1.0,0.0,8500.0,442.0,128.0,9070.0
1.0,190.0,2.0,3.0,2.0,,1.0,0.0,0.0,13050.0,1284.0,197.0,14530.0
1.0,396.0,4.0,4.0,4.0,,1.0,0.0,0.0,10000.0,750.0,151.0,10900.0
1.0,90.0,2.0,2.0,0.0,,1.0,0.0,0.0,1700.0,38.0,26.0,1764.0
1.0,400.0,4.0,3.0,2.0,,1.0,0.0,0.0,5650.0,338.0,85.0,6073.0
1.0,220.0,3.0,3.0,5.0,,1.0,0.0,0.0,7500.0,0.0,113.0,7613.0
1.0,750.0,7.0,6.0,5.0,,1.0,1.0,0.0,5800.0,559.0,88.0,6447.0
1.0,20.0,1.0,1.0,0.0,,1.0,1.0,602.0,1800.0,130.0,23.0,2555.0
1.0,22.0,1.0,1.0,0.0,,0.0,0.0,250.0,1080.0,14.0,14.0,1358.0
1.0,180.0,3.0,2.0,4.0,,0.0,1.0,0.0,11000.0,667.0,166.0,11830.0
1.0,170.0,3.0,2.0,2.0,,1.0,1.0,0.0,3900.0,267.0,59.0,4226.0
1.0,250.0,6.0,2.0,2.0,,1.0,0.0,0.0,2472.0,26.0,38.0,2536.0
1.0,500.0,3.0,4.0,5.0,,1.0,1.0,0.0,7620.0,1094.0,115.0,8829.0
0.0,120.0,3.0,2.0,3.0,,1.0,0.0,0.0,2500.0,180.0,38.0,2718.0
0.0,265.0,3.0,3.0,2.0,,1.0,0.0,0.0,2400.0,140.0,37.0,2577.0
1.0,50.0,1.0,1.0,1.0,,1.0,0.0,0.0,1100.0,0.0,17.0,1117.0
1.0,80.0,2.0,2.0,2.0,,1.0,0.0,0.0,2465.0,0.0,38.0,2503.0
1.0,280.0,6.0,6.0,3.0,,1.0,0.0,0.0,5000.0,1118.0,76.0,6194.0
0.0,64.0,2.0,1.0,1.0,,1.0,0.0,441.0,730.0,18.0,10.0,1199.0
0.0,270.0,3.0,3.0,0.0,,1.0,1.0,0.0,8000.0,500.0,121.0,8621.0
0.0,198.0,6.0,3.0,4.0,,1.0,0.0,0.0,2000.0,145.0,31.0,2176.0
1.0,50.0,1.0,1.0,0.0,,1.0,0.0,0.0,1080.0,59.0,17.0,1156.0
1.0,440.0,4.0,4.0,4.0,,1.0,0.0,0.0,12000.0,2500.0,181.0,14680.0
1.0,35.0,2.0,1.0,1.0,,1.0,0.0,125.0,2100.0,0.0,32.0,2257.0
1.0,90.0,2.0,1.0,1.0,,1.0,0.0,0.0,1500.0,0.0,23.0,1523.0
1.0,250.0,7.0,5.0,2.0,,1.0,0.0,0.0,12750.0,1045.0,192.0,13990.0
1.0,120.0,3.0,4.0,1.0,,0.0,0.0,0.0,4000.0,4.0,61.0,4065.0
1.0,90.0,1.0,1.0,2.0,,1.0,1.0,0.0,3200.0,137.0,49.0,3386.0
1.0,100.0,1.0,1.0,0.0,,1.0,0.0,0.0,1530.0,0.0,12.0,1542.0
1.0,340.0,4.0,6.0,6.0,,1.0,1.0,,15000.0,250.0,226.0,15480.0
1.0,500.0,4.0,4.0,0.0,,1.0,0.0,0.0,6000.0,467.0,91.0,6558.0
1.0,68.0,1.0,1.0,0.0,,0.0,0.0,0.0,1213.0,0.0,6.0,1219.0
1.0,500.0,4.0,4.0,3.0,,1.0,0.0,,10800.0,988.0,163.0,11950.0
1.0,187.0,3.0,2.0,3.0,,0.0,1.0,1700.0,8400.0,584.0,127.0,10810.0
1.0,230.0,3.0,4.0,3.0,,1.0,0.0,0.0,3600.0,409.0,55.0,4064.0
1.0,90.0,3.0,2.0,1.0,,1.0,0.0,0.0,3260.0,0.0,50.0,3310.0
1.0,150.0,3.0,4.0,2.0,,0.0,0.0,0.0,3400.0,0.0,52.0,3452.0
1.0,250.0,3.0,4.0,4.0,,1.0,0.0,0.0,4500.0,334.0,68.0,4902.0
1.0,110.0,2.0,2.0,2.0,,0.0,0.0,0.0,2700.0,300.0,41.0,3041.0
1.0,400.0,2.0,5.0,4.0,,1.0,0.0,0.0,6000.0,484.0,91.0,6575.0
1.0,300.0,3.0,5.0,3.0,,1.0,0.0,0.0,11900.0,250.0,179.0,12330.0
1.0,180.0,2.0,2.0,1.0,,0.0,0.0,0.0,2800.0,105.0,43.0,2948.0
1.0,286.0,4.0,4.0,5.0,,1.0,0.0,0.0,10000.0,1000.0,151.0,11150.0
1.0,400.0,4.0,4.0,3.0,,1.0,0.0,,9000.0,542.0,136.0,9678.0
1.0,90.0,1.0,1.0,0.0,,1.0,0.0,0.0,2200.0,109.0,34.0,2343.0
1.0,11.0,1.0,1.0,0.0,,0.0,1.0,0.0,1181.0,0.0,15.0,1196.0
1.0,220.0,3.0,4.0,2.0,,1.0,1.0,0.0,7000.0,434.0,106.0,7540.0
0.0,209.0,3.0,3.0,2.0,,0.0,0.0,593.0,2550.0,237.0,39.0,3419.0
1.0,450.0,5.0,5.0,6.0,,1.0,0.0,0.0,9500.0,1345.0,143.0,10990.0
1.0,900.0,4.0,6.0,8.0,,1.0,0.0,0.0,15000.0,4417.0,226.0,19640.0
1.0,200.0,3.0,3.0,0.0,,1.0,0.0,,4500.0,71.0,68.0,4639.0
1.0,35.0,1.0,1.0,0.0,,1.0,0.0,0.0,1100.0,30.0,14.0,1144.0
1.0,320.0,4.0,2.0,2.0,,1.0,1.0,0.0,8000.0,642.0,121.0,8763.0
1.0,130.0,2.0,2.0,1.0,,1.0,0.0,1100.0,4300.0,100.0,55.0,5555.0
0.0,600.0,4.0,6.0,3.0,,1.0,0.0,1123.0,5500.0,819.0,83.0,7525.0
1.0,520.0,3.0,4.0,2.0,,1.0,0.0,0.0,9000.0,1500.0,136.0,10640.0
1.0,550.0,4.0,4.0,4.0,,1.0,0.0,0.0,14000.0,1334.0,211.0,15550.0
1.0,50.0,1.0,1.0,0.0,,0.0,0.0,0.0,1220.0,0.0,19.0,1239.0
1.0,298.0,5.0,3.0,3.0,,1.0,0.0,0.0,8000.0,1384.0,121.0,9505.0
1.0,200.0,3.0,2.0,4.0,,1.0,0.0,0.0,3500.0,0.0,53.0,3553.0
1.0,250.0,4.0,2.0,8.0,,1.0,0.0,0.0,13040.0,500.0,197.0,13740.0
1.0,105.0,2.0,1.0,0.0,,1.0,0.0,0.0,1800.0,125.0,28.0,1953.0
1.0,150.0,2.0,2.0,1.0,,1.0,0.0,1.0,2100.0,0.0,32.0,2133.0
1.0,180.0,3.0,2.0,1.0,,1.0,0.0,,5400.0,459.0,82.0,5941.0
1.0,50.0,1.0,1.0,0.0,,0.0,0.0,0.0,1000.0,0.0,16.0,1016.0
0.0,70.0,1.0,1.0,2.0,,1.0,0.0,0.0,1450.0,5.0,22.0,1477.0
1.0,177.0,2.0,2.0,2.0,,1.0,0.0,0.0,6000.0,342.0,91.0,6433.0
1.0,18.0,1.0,1.0,0.0,,1.0,0.0,0.0,1710.0,0.0,22.0,1732.0
1.0,200.0,3.0,4.0,2.0,,1.0,0.0,0.0,2900.0,1100.0,44.0,4044.0
1.0,350.0,4.0,5.0,2.0,,1.0,0.0,0.0,5000.0,325.0,76.0,5401.0
1.0,106.0,2.0,1.0,2.0,,0.0,0.0,0.0,2100.0,110.0,32.0,2242.0
1.0,500.0,3.0,3.0,5.0,,1.0,1.0,0.0,15000.0,1125.0,226.0,16350.0
1.0,38.0,1.0,1.0,0.0,,0.0,0.0,,1650.0,0.0,25.0,1675.0
1.0,260.0,3.0,4.0,4.0,,1.0,0.0,0.0,4500.0,0.0,68.0,4568.0
1.0,270.0,5.0,7.0,2.0,,1.0,0.0,0.0,3978.0,89.0,60.0,4127.0
1.0,40.0,1.0,1.0,0.0,,1.0,0.0,0.0,980.0,59.0,15.0,1054.0
1.0,42.0,1.0,1.0,1.0,,1.0,1.0,450.0,2000.0,88.0,26.0,2564.0
1.0,110.0,3.0,2.0,3.0,,1.0,0.0,0.0,2800.0,15.0,43.0,2858.0
1.0,150.0,3.0,3.0,2.0,,1.0,0.0,0.0,5000.0,235.0,76.0,5311.0
0.0,47.0,2.0,1.0,1.0,,1.0,0.0,255.0,1290.0,33.0,17.0,1595.0
0.0,203.0,3.0,1.0,2.0,,1.0,0.0,0.0,3300.0,117.0,50.0,3467.0
1.0,400.0,4.0,3.0,2.0,,1.0,0.0,0.0,15000.0,1870.0,226.0,17100.0
1.0,90.0,1.0,1.0,0.0,,0.0,0.0,,1150.0,59.0,18.0,1227.0
1.0,30.0,1.0,1.0,0.0,1.0,0.0,0.0,,900.0,0.0,12.0,912.0
1.0,175.0,4.0,3.0,2.0,,1.0,0.0,0.0,3200.0,380.0,49.0,3629.0
1.0,400.0,3.0,3.0,2.0,,0.0,0.0,0.0,12000.0,0.0,181.0,12180.0
1.0,65.0,2.0,1.0,1.0,,1.0,0.0,0.0,1800.0,0.0,28.0,1828.0
1.0,250.0,3.0,4.0,2.0,,1.0,0.0,0.0,4200.0,192.0,64.0,4456.0
0.0,300.0,4.0,3.0,5.0,,1.0,0.0,0.0,4100.0,20.0,62.0,4182.0
0.0,230.0,4.0,4.0,8.0,,1.0,0.0,0.0,5100.0,320.0,77.0,5497.0
1.0,300.0,3.0,3.0,3.0,,1.0,0.0,1.0,3400.0,417.0,52.0,3870.0
1.0,270.0,3.0,4.0,3.0,,1.0,0.0,,6800.0,417.0,103.0,7320.0
1.0,400.0,4.0,4.0,4.0,,1.0,0.0,0.0,8500.0,1250.0,128.0,9878.0
1.0,180.0,3.0,2.0,3.0,,1.0,0.0,0.0,4600.0,3600.0,70.0,8270.0
1.0,420.0,4.0,3.0,4.0,,1.0,0.0,0.0,15000.0,1250.0,226.0,16480.0
1.0,80.0,1.0,1.0,0.0,,1.0,0.0,0.0,1700.0,60.0,26.0,1786.0
1.0,450.0,3.0,3.0,8.0,,1.0,1.0,0.0,5015.0,400.0,76.0,5491.0
1.0,90.0,3.0,2.0,0.0,,1.0,0.0,295.0,2572.0,53.0,8.0,2928.0
1.0,60.0,2.0,2.0,0.0,,1.0,0.0,518.0,1300.0,170.0,10.0,1998.0
1.0,150.0,3.0,2.0,1.0,,1.0,0.0,0.0,2500.0,0.0,38.0,2538.0
0.0,50.0,1.0,1.0,0.0,,1.0,0.0,0.0,880.0,0.0,14.0,894.0
1.0,350.0,5.0,4.0,8.0,,0.0,0.0,,9000.0,762.0,136.0,9898.0
1.0,78.0,2.0,1.0,1.0,,1.0,0.0,,1700.0,82.0,26.0,1808.0
1.0,300.0,4.0,4.0,3.0,,1.0,1.0,0.0,5080.0,284.0,77.0,5441.0
1.0,130.0,3.0,2.0,2.0,,1.0,0.0,0.0,3300.0,108.0,50.0,3458.0
1.0,250.0,3.0,3.0,3.0,,1.0,0.0,0.0,4500.0,150.0,68.0,4718.0
1.0,130.0,3.0,2.0,3.0,,1.0,1.0,0.0,7450.0,167.0,112.0,7729.0
1.0,25.0,1.0,1.0,0.0,,1.0,0.0,20.0,1200.0,25.0,19.0,1264.0
1.0,240.0,3.0,2.0,3.0,,1.0,0.0,0.0,9265.0,525.0,140.0,9930.0
1.0,700.0,4.0,10.0,0.0,,1.0,0.0,0.0,15000.0,8750.0,226.0,23980.0
0.0,462.0,4.0,7.0,4.0,,1.0,0.0,0.0,5000.0,590.0,76.0,5666.0
0.0,350.0,4.0,3.0,4.0,,0.0,0.0,500.0,6000.0,500.0,91.0,7091.0
1.0,125.0,3.0,2.0,2.0,,1.0,1.0,,3000.0,150.0,46.0,3196.0
1.0,30.0,4.0,4.0,2.0,,1.0,1.0,0.0,5000.0,4247.0,76.0,9323.0
1.0,48.0,2.0,1.0,0.0,,1.0,0.0,100.0,1350.0,0.0,18.0,1468.0
1.0,560.0,5.0,5.0,6.0,,1.0,0.0,0.0,15000.0,1917.0,226.0,17140.0
1.0,600.0,3.0,3.0,4.0,,1.0,0.0,0.0,6800.0,966.0,103.0,7869.0
1.0,160.0,4.0,4.0,2.0,,1.0,0.0,0.0,2400.0,0.0,37.0,2437.0
1.0,200.0,4.0,2.0,2.0,,1.0,1.0,0.0,6500.0,500.0,98.0,7098.0
1.0,580.0,6.0,6.0,6.0,,1.0,0.0,0.0,6960.0,2084.0,105.0,9149.0
1.0,60.0,2.0,1.0,0.0,,1.0,0.0,0.0,1600.0,25.0,25.0,1650.0
1.0,243.0,2.0,3.0,2.0,,1.0,0.0,0.0,4619.0,559.0,70.0,5248.0
1.0,103.0,2.0,1.0,0.0,,1.0,0.0,0.0,1300.0,80.0,20.0,1400.0
1.0,240.0,3.0,5.0,4.0,,1.0,0.0,0.0,7500.0,459.0,113.0,8072.0
0.0,380.0,4.0,6.0,3.0,,1.0,0.0,0.0,4000.0,455.0,61.0,4516.0
1.0,300.0,4.0,5.0,4.0,,1.0,1.0,,14000.0,1167.0,211.0,15380.0
1.0,180.0,3.0,1.0,0.0,,1.0,0.0,0.0,2500.0,334.0,38.0,2872.0
1.0,556.0,6.0,7.0,4.0,,1.0,0.0,0.0,7500.0,1084.0,113.0,8697.0
1.0,175.0,3.0,2.0,2.0,,0.0,0.0,0.0,3900.0,264.0,59.0,4223.0
1.0,320.0,3.0,4.0,2.0,,1.0,1.0,0.0,5500.0,250.0,83.0,5833.0
1.0,108.0,3.0,3.0,2.0,,1.0,0.0,0.0,2800.0,209.0,43.0,3052.0
1.0,200.0,3.0,3.0,6.0,,1.0,0.0,0.0,6000.0,500.0,91.0,6591.0
1.0,22.0,1.0,1.0,0.0,,0.0,0.0,0.0,1074.0,0.0,17.0,1091.0
1.0,200.0,4.0,7.0,4.0,,1.0,1.0,0.0,8000.0,575.0,121.0,8696.0
1.0,200.0,2.0,2.0,2.0,,1.0,0.0,1.0,3000.0,167.0,46.0,3214.0
1.0,25.0,1.0,1.0,0.0,,1.0,0.0,20.0,1200.0,25.0,19.0,1264.0
1.0,145.0,3.0,1.0,2.0,,1.0,1.0,90.0,7200.0,238.0,109.0,7637.0
1.0,190.0,3.0,3.0,2.0,,1.0,0.0,0.0,6800.0,392.0,103.0,7295.0
0.0,326.0,3.0,3.0,4.0,,1.0,0.0,870.0,4200.0,523.0,64.0,5657.0
0.0,308.0,3.0,3.0,4.0,,1.0,0.0,0.0,4700.0,673.0,71.0,5444.0
1.0,400.0,5.0,6.0,0.0,,1.0,0.0,0.0,5200.0,0.0,79.0,5279.0
1.0,240.0,3.0,3.0,2.0,,1.0,1.0,0.0,4350.0,385.0,66.0,4801.0
1.0,400.0,3.0,3.0,3.0,,0.0,0.0,0.0,8300.0,816.0,125.0,9241.0
1.0,182.0,3.0,4.0,3.0,,1.0,0.0,0.0,7000.0,459.0,106.0,7565.0
1.0,300.0,3.0,4.0,1.0,,1.0,0.0,0.0,4500.0,542.0,68.0,5110.0
1.0,850.0,4.0,4.0,8.0,,1.0,0.0,0.0,12000.0,5834.0,181.0,18020.0
1.0,275.0,3.0,5.0,6.0,,1.0,1.0,0.0,13000.0,500.0,196.0,13700.0
1.0,35.0,1.0,1.0,0.0,,1.0,0.0,0.0,1100.0,30.0,14.0,1144.0
1.0,180.0,4.0,4.0,1.0,,1.0,0.0,0.0,3581.0,134.0,54.0,3769.0
1.0,170.0,3.0,2.0,2.0,,1.0,0.0,0.0,3200.0,225.0,49.0,3474.0
1.0,300.0,3.0,3.0,8.0,,1.0,0.0,0.0,4675.0,400.0,71.0,5146.0
1.0,114.0,5.0,3.0,1.0,,1.0,0.0,,6000.0,42.0,91.0,6133.0
1.0,300.0,3.0,4.0,8.0,,1.0,0.0,,5500.0,400.0,83.0,5983.0
1.0,100.0,4.0,4.0,1.0,,1.0,0.0,0.0,10000.0,9.0,151.0,10160.0
1.0,156.0,3.0,2.0,1.0,,1.0,0.0,0.0,2000.0,147.0,31.0,2178.0
1.0,94.0,2.0,2.0,2.0,,1.0,0.0,0.0,2540.0,19.0,39.0,2598.0
1.0,35.0,1.0,1.0,0.0,,1.0,0.0,0.0,1100.0,30.0,14.0,1144.0
1.0,370.0,4.0,4.0,3.0,,1.0,0.0,0.0,7900.0,1000.0,119.0,9019.0
1.0,700.0,6.0,8.0,8.0,,1.0,1.0,0.0,14000.0,1020.0,211.0,15230.0
1.0,300.0,4.0,5.0,6.0,,1.0,1.0,0.0,15000.0,1805.0,226.0,17030.0
1.0,120.0,3.0,2.0,0.0,,0.0,0.0,0.0,2501.0,163.0,38.0,2702.0
1.0,300.0,4.0,6.0,5.0,,1.0,0.0,0.0,10120.0,475.0,153.0,10740.0
1.0,80.0,2.0,1.0,1.0,,1.0,0.0,484.0,1800.0,135.0,23.0,2442.0
1.0,40.0,1.0,1.0,1.0,,0.0,0.0,0.0,972.0,0.0,15.0,987.0
1.0,90.0,2.0,2.0,1.0,,0.0,0.0,0.0,4500.0,414.0,68.0,4982.0
1.0,50.0,1.0,1.0,0.0,,1.0,0.0,0.0,2500.0,0.0,21.0,2521.0
0.0,50.0,2.0,1.0,1.0,,0.0,0.0,,1120.0,277.0,15.0,1412.0
1.0,440.0,3.0,2.0,4.0,,1.0,0.0,0.0,4500.0,259.0,68.0,4827.0
1.0,354.0,5.0,6.0,3.0,,1.0,0.0,0.0,8850.0,958.0,134.0,9942.0
1.0,110.0,3.0,3.0,2.0,,1.0,0.0,0.0,4800.0,50.0,73.0,4923.0
1.0,58.0,2.0,3.0,2.0,,0.0,0.0,50.0,2000.0,0.0,31.0,2081.0
1.0,600.0,4.0,6.0,6.0,,1.0,0.0,0.0,12000.0,2592.0,181.0,14770.0
0.0,100.0,2.0,1.0,3.0,,1.0,0.0,0.0,1250.0,100.0,19.0,1369.0
1.0,440.0,4.0,3.0,7.0,,0.0,0.0,0.0,15000.0,1084.0,226.0,16310.0
0.0,270.0,3.0,3.0,5.0,,1.0,0.0,0.0,7500.0,459.0,113.0,8072.0
1.0,75.0,1.0,1.0,0.0,,0.0,0.0,0.0,1450.0,0.0,22.0,1472.0
1.0,40.0,1.0,1.0,0.0,,0.0,0.0,0.0,650.0,0.0,10.0,660.0
1.0,80.0,3.0,1.0,0.0,,1.0,0.0,0.0,2400.0,60.0,37.0,2497.0
1.0,750.0,4.0,5.0,8.0,,1.0,0.0,0.0,15000.0,4338.0,226.0,19560.0
1.0,20.0,1.0,1.0,0.0,,1.0,1.0,602.0,1800.0,130.0,23.0,2555.0
1.0,350.0,4.0,6.0,6.0,,1.0,1.0,0.0,9600.0,1367.0,145.0,11110.0
1.0,240.0,3.0,2.0,3.0,,1.0,0.0,0.0,3500.0,292.0,53.0,3845.0
1.0,60.0,2.0,1.0,0.0,,1.0,0.0,0.0,1200.0,38.0,19.0,1257.0
1.0,30.0,1.0,1.0,0.0,,0.0,1.0,296.0,1826.0,30.0,24.0,2176.0
1.0,450.0,4.0,5.0,6.0,,1.0,0.0,0.0,12000.0,1334.0,181.0,13520.0
1.0,120.0,3.0,2.0,1.0,,1.0,0.0,0.0,3000.0,495.0,46.0,3541.0
1.0,800.0,4.0,7.0,8.0,,0.0,0.0,10000.0,8500.0,209.0,128.0,18840.0
0.0,100.0,3.0,2.0,2.0,,1.0,0.0,0.0,2250.0,15.0,34.0,2299.0
1.0,35.0,1.0,1.0,0.0,,0.0,0.0,0.0,1280.0,55.0,20.0,1355.0
1.0,323.0,3.0,5.0,6.0,,1.0,0.0,0.0,10000.0,985.0,151.0,11140.0
1.0,450.0,3.0,2.0,0.0,,1.0,0.0,0.0,5800.0,917.0,88.0,6805.0
1.0,130.0,2.0,1.0,2.0,,1.0,0.0,0.0,2600.0,0.0,15.0,2615.0
1.0,200.0,4.0,4.0,6.0,,1.0,0.0,0.0,4320.0,375.0,65.0,4760.0
1.0,310.0,4.0,4.0,3.0,,1.0,0.0,0.0,7000.0,675.0,106.0,7781.0
1.0,190.0,3.0,4.0,1.0,,1.0,0.0,0.0,4100.0,304.0,62.0,4466.0
1.0,100.0,2.0,1.0,2.0,,0.0,0.0,0.0,6000.0,167.0,91.0,6258.0
1.0,160.0,2.0,1.0,0.0,,1.0,0.0,0.0,1660.0,5.0,25.0,1690.0
1.0,83.0,2.0,3.0,2.0,,1.0,0.0,200.0,3500.0,167.0,53.0,3920.0
1.0,100.0,3.0,2.0,3.0,,1.0,0.0,430.0,4990.0,338.0,76.0,5834.0
1.0,200.0,3.0,4.0,2.0,,0.0,1.0,0.0,9800.0,417.0,148.0,10370.0
1.0,55.0,1.0,1.0,0.0,,1.0,1.0,0.0,1500.0,0.0,23.0,1523.0
1.0,40.0,1.0,1.0,0.0,,1.0,0.0,0.0,900.0,80.0,12.0,992.0
1.0,98.0,1.0,1.0,1.0,,0.0,0.0,,1283.0,0.0,14.0,1297.0
1.0,10.0,4.0,3.0,2.0,,1.0,0.0,0.0,2670.0,21.0,41.0,2732.0
1.0,430.0,4.0,4.0,8.0,,1.0,0.0,0.0,5500.0,521.0,83.0,6104.0
1.0,234.0,3.0,5.0,4.0,,1.0,1.0,0.0,3680.0,400.0,56.0,4136.0
1.0,417.0,5.0,4.0,2.0,,1.0,0.0,0.0,12000.0,1278.0,181.0,13460.0
1.0,125.0,3.0,2.0,2.0,,1.0,0.0,,1450.0,84.0,22.0,1556.0
1.0,225.0,3.0,2.0,2.0,,1.0,0.0,0.0,2300.0,209.0,35.0,2544.0
1.0,180.0,2.0,2.0,5.0,,1.0,0.0,1.0,3000.0,1.0,46.0,3048.0
1.0,50.0,1.0,1.0,0.0,,0.0,0.0,0.0,892.0,59.0,14.0,965.0
1.0,195.0,3.0,3.0,3.0,,1.0,1.0,0.0,4000.0,280.0,61.0,4341.0
1.0,45.0,1.0,1.0,0.0,,1.0,0.0,0.0,928.0,57.0,14.0,999.0
1.0,280.0,4.0,4.0,2.0,,1.0,0.0,0.0,8000.0,600.0,121.0,8721.0
0.0,212.0,4.0,1.0,2.0,,1.0,0.0,0.0,1500.0,88.0,23.0,1611.0
1.0,100.0,3.0,3.0,1.0,,1.0,0.0,0.0,7000.0,881.0,106.0,7987.0
1.0,35.0,1.0,1.0,0.0,,1.0,0.0,50.0,850.0,65.0,13.0,978.0
1.0,300.0,3.0,3.0,1.0,,1.0,1.0,0.0,11000.0,625.0,166.0,11790.0
1.0,70.0,2.0,2.0,1.0,,1.0,0.0,0.0,2100.0,9.0,27.0,2136.0
1.0,180.0,5.0,3.0,2.0,,0.0,0.0,0.0,9000.0,0.0,136.0,9136.0
0.0,75.0,2.0,1.0,1.0,,1.0,0.0,0.0,1140.0,80.0,18.0,1238.0
1.0,125.0,2.0,1.0,1.0,,1.0,0.0,0.0,1490.0,74.0,23.0,1587.0
1.0,250.0,3.0,4.0,4.0,,1.0,1.0,0.0,4200.0,0.0,64.0,4264.0
1.0,294.0,4.0,6.0,8.0,,1.0,1.0,0.0,3000.0,600.0,46.0,3646.0
1.0,150.0,2.0,3.0,1.0,,1.0,0.0,0.0,1650.0,0.0,25.0,1675.0
1.0,70.0,2.0,1.0,0.0,,1.0,0.0,0.0,1350.0,0.0,21.0,1371.0
1.0,550.0,3.0,2.0,4.0,,0.0,0.0,0.0,3805.0,449.0,58.0,4312.0
1.0,700.0,5.0,7.0,5.0,,1.0,0.0,0.0,15000.0,2240.0,226.0,17470.0
1.0,240.0,4.0,2.0,4.0,,1.0,0.0,0.0,8000.0,0.0,121.0,8121.0
0.0,85.0,2.0,1.0,0.0,,1.0,0.0,590.0,800.0,0.0,11.0,1401.0
1.0,290.0,3.0,3.0,3.0,,1.0,0.0,0.0,8000.0,542.0,121.0,8663.0
1.0,90.0,3.0,3.0,2.0,,1.0,0.0,0.0,2000.0,50.0,31.0,2081.0
0.0,348.0,3.0,3.0,3.0,,1.0,0.0,0.0,4850.0,400.0,73.0,5323.0
1.0,251.0,3.0,2.0,2.0,,1.0,0.0,0.0,3400.0,336.0,52.0,3788.0
1.0,140.0,3.0,1.0,2.0,,0.0,0.0,140.0,6000.0,273.0,91.0,6504.0
1.0,220.0,3.0,4.0,8.0,,0.0,0.0,0.0,3493.0,492.0,53.0,4038.0
1.0,80.0,2.0,2.0,0.0,,1.0,0.0,0.0,2000.0,134.0,31.0,2165.0
0.0,55.0,2.0,1.0,1.0,,1.0,0.0,480.0,750.0,66.0,10.0,1306.0
1.0,98.0,2.0,2.0,1.0,,0.0,0.0,1300.0,2990.0,250.0,38.0,4578.0
1.0,472.0,3.0,2.0,4.0,,1.0,0.0,0.0,6500.0,650.0,98.0,7248.0
1.0,112.0,3.0,2.0,3.0,,1.0,0.0,0.0,3300.0,32.0,50.0,3382.0
1.0,500.0,4.0,6.0,3.0,,1.0,0.0,0.0,15000.0,845.0,226.0,16070.0
1.0,387.0,4.0,5.0,6.0,,1.0,0.0,0.0,13000.0,834.0,196.0,14030.0
1.0,45.0,1.0,1.0,1.0,,1.0,0.0,,1300.0,59.0,20.0,1379.0
0.0,258.0,2.0,2.0,1.0,,1.0,0.0,0.0,1400.0,67.0,22.0,1489.0
0.0,402.0,4.0,5.0,2.0,,0.0,0.0,730.0,4800.0,459.0,73.0,6062.0
1.0,200.0,3.0,1.0,2.0,,1.0,0.0,0.0,3000.0,0.0,46.0,3046.0
1.0,630.0,4.0,6.0,4.0,,0.0,0.0,0.0,12300.0,2667.0,185.0,15150.0
1.0,68.0,1.0,1.0,0.0,,0.0,0.0,0.0,1140.0,0.0,18.0,1158.0
0.0,220.0,3.0,1.0,4.0,,0.0,0.0,0.0,2800.0,334.0,43.0,3177.0
1.0,280.0,3.0,3.0,5.0,,1.0,0.0,0.0,3500.0,2.0,53.0,3555.0
1.0,70.0,1.0,1.0,1.0,,1.0,0.0,0.0,1170.0,44.0,18.0,1232.0
1.0,500.0,2.0,2.0,1.0,,1.0,0.0,129.0,2260.0,0.0,34.0,2423.0
1.0,127.0,3.0,2.0,2.0,1.0,1.0,0.0,,5000.0,250.0,76.0,5326.0
1.0,120.0,4.0,2.0,2.0,,0.0,0.0,0.0,4500.0,89.0,68.0,4657.0
0.0,550.0,5.0,6.0,8.0,,1.0,0.0,,10600.0,578.0,160.0,11340.0
1.0,100.0,3.0,2.0,6.0,,1.0,0.0,0.0,7500.0,1000.0,113.0,8613.0
0.0,194.0,3.0,2.0,3.0,,1.0,0.0,0.0,3500.0,75.0,53.0,3628.0
1.0,300.0,3.0,4.0,0.0,,1.0,1.0,0.0,10000.0,2000.0,151.0,12150.0
1.0,120.0,3.0,1.0,0.0,,1.0,0.0,0.0,2200.0,0.0,34.0,2234.0
0.0,88.0,1.0,1.0,2.0,,1.0,0.0,678.0,2200.0,24.0,28.0,2930.0
1.0,200.0,2.0,2.0,1.0,,1.0,0.0,,2300.0,92.0,35.0,2427.0
1.0,50.0,1.0,1.0,0.0,,0.0,0.0,0.0,1266.0,57.0,4.0,1327.0
1.0,90.0,2.0,1.0,0.0,,1.0,0.0,0.0,2800.0,170.0,43.0,3013.0
1.0,400.0,4.0,3.0,4.0,,1.0,0.0,0.0,3760.0,2084.0,57.0,5901.0
1.0,350.0,3.0,5.0,3.0,,1.0,0.0,0.0,4500.0,17.0,68.0,4585.0
1.0,30.0,1.0,1.0,0.0,,1.0,0.0,0.0,750.0,59.0,12.0,821.0
1.0,30.0,1.0,1.0,0.0,,0.0,0.0,0.0,920.0,0.0,14.0,934.0
1.0,230.0,4.0,3.0,3.0,,1.0,0.0,2270.0,8200.0,1060.0,124.0,11650.0
1.0,298.0,4.0,4.0,1.0,,1.0,0.0,0.0,3000.0,0.0,46.0,3046.0
1.0,127.0,2.0,1.0,2.0,,1.0,0.0,0.0,2250.0,247.0,34.0,2531.0
0.0,262.0,3.0,4.0,4.0,,1.0,0.0,1953.0,9500.0,745.0,143.0,12340.0
1.0,19.0,1.0,1.0,0.0,,0.0,0.0,0.0,1200.0,0.0,16.0,1216.0
1.0,120.0,2.0,1.0,1.0,,0.0,0.0,0.0,1300.0,50.0,20.0,1370.0
1.0,130.0,3.0,1.0,1.0,,1.0,0.0,0.0,2000.0,0.0,31.0,2031.0
1.0,320.0,4.0,5.0,5.0,,1.0,0.0,0.0,10870.0,1417.0,164.0,12450.0
1.0,20.0,1.0,1.0,0.0,,1.0,1.0,602.0,1800.0,130.0,23.0,2555.0
1.0,90.0,3.0,1.0,0.0,,0.0,0.0,270.0,2200.0,225.0,34.0,2729.0
1.0,95.0,2.0,2.0,1.0,,1.0,0.0,0.0,2400.0,180.0,37.0,2617.0
1.0,70.0,1.0,1.0,1.0,,0.0,0.0,0.0,1100.0,0.0,17.0,1117.0
1.0,42.0,1.0,1.0,1.0,,1.0,1.0,675.0,3600.0,82.0,46.0,4403.0
1.0,99.0,2.0,1.0,1.0,,1.0,0.0,0.0,3650.0,230.0,55.0,3935.0
1.0,100.0,3.0,3.0,1.0,,1.0,0.0,0.0,2400.0,0.0,37.0,2437.0
1.0,800.0,4.0,7.0,8.0,,1.0,0.0,0.0,12000.0,1667.0,181.0,13850.0
1.0,80.0,3.0,1.0,0.0,,0.0,0.0,185.0,2100.0,0.0,27.0,2312.0
1.0,250.0,5.0,3.0,6.0,,1.0,0.0,0.0,15000.0,2704.0,226.0,17930.0
1.0,500.0,4.0,6.0,6.0,,1.0,0.0,0.0,5930.0,2084.0,90.0,8104.0
1.0,150.0,2.0,2.0,2.0,,1.0,0.0,0.0,2640.0,0.0,40.0,2680.0
0.0,135.0,3.0,2.0,2.0,,1.0,0.0,0.0,1700.0,25.0,26.0,1751.0
1.0,280.0,3.0,3.0,8.0,,1.0,0.0,0.0,13000.0,4234.0,196.0,17430.0
1.0,150.0,4.0,2.0,1.0,,1.0,0.0,0.0,3900.0,0.0,59.0,3959.0
1.0,270.0,6.0,3.0,6.0,,1.0,0.0,0.0,4500.0,417.0,68.0,4985.0
1.0,55.0,2.0,1.0,0.0,,1.0,0.0,,1600.0,50.0,25.0,1675.0
0.0,80.0,2.0,1.0,1.0,,0.0,0.0,0.0,1100.0,28.0,17.0,1145.0
1.0,25.0,1.0,1.0,0.0,,1.0,0.0,20.0,1200.0,25.0,19.0,1264.0
0.0,143.0,3.0,2.0,3.0,,1.0,0.0,0.0,1700.0,70.0,26.0,1796.0
0.0,380.0,4.0,6.0,3.0,,1.0,0.0,0.0,4000.0,455.0,61.0,4516.0
0.0,165.0,3.0,2.0,0.0,,1.0,0.0,0.0,3000.0,129.0,46.0,3175.0
1.0,40.0,1.0,1.0,0.0,,0.0,0.0,0.0,970.0,63.0,15.0,1048.0
1.0,140.0,3.0,1.0,0.0,,1.0,0.0,0.0,2700.0,167.0,41.0,2908.0
1.0,250.0,3.0,3.0,3.0,,1.0,0.0,0.0,3210.0,0.0,49.0,3259.0
1.0,30.0,2.0,1.0,0.0,,1.0,0.0,,1500.0,5.0,23.0,1528.0
1.0,60.0,1.0,1.0,0.0,,1.0,1.0,0.0,4100.0,400.0,62.0,4562.0
1.0,20.0,1.0,1.0,0.0,,1.0,1.0,602.0,1800.0,130.0,23.0,2555.0
0.0,30.0,1.0,1.0,0.0,,0.0,0.0,0.0,1400.0,0.0,22.0,1422.0
1.0,55.0,2.0,1.0,0.0,,1.0,0.0,0.0,2000.0,75.0,31.0,2106.0
1.0,110.0,2.0,1.0,1.0,,1.0,0.0,0.0,1500.0,163.0,23.0,1686.0
1.0,40.0,1.0,1.0,0.0,,0.0,0.0,0.0,780.0,17.0,12.0,809.0
1.0,700.0,4.0,6.0,6.0,,1.0,0.0,0.0,12500.0,2176.0,188.0,14860.0
1.0,312.0,3.0,6.0,3.0,,1.0,1.0,0.0,6300.0,1063.0,95.0,7458.0
1.0,350.0,3.0,4.0,5.0,,1.0,0.0,0.0,5500.0,1092.0,83.0,6675.0
1.0,70.0,2.0,2.0,0.0,,0.0,0.0,0.0,3800.0,90.0,58.0,3948.0
1.0,240.0,3.0,2.0,3.0,,1.0,0.0,0.0,5900.0,500.0,89.0,6489.0
1.0,50.0,2.0,1.0,1.0,,1.0,0.0,500.0,1060.0,5.0,14.0,1579.0
1.0,500.0,5.0,6.0,5.0,,1.0,0.0,0.0,12500.0,1898.0,188.0,14590.0
1.0,320.0,3.0,4.0,3.0,,1.0,0.0,0.0,6000.0,484.0,91.0,6575.0
1.0,90.0,2.0,2.0,2.0,,1.0,1.0,0.0,4100.0,0.0,62.0,4162.0
1.0,400.0,3.0,5.0,6.0,,1.0,1.0,0.0,4700.0,125.0,71.0,4896.0
1.0,85.0,3.0,2.0,2.0,,1.0,0.0,100.0,2500.0,75.0,38.0,2713.0
1.0,300.0,3.0,3.0,4.0,,1.0,0.0,1.0,3700.0,950.0,56.0,4707.0
1.0,250.0,4.0,2.0,5.0,,1.0,0.0,0.0,4400.0,71.0,67.0,4538.0
1.0,150.0,2.0,1.0,2.0,,1.0,0.0,300.0,1800.0,136.0,28.0,2264.0
1.0,240.0,3.0,3.0,2.0,,1.0,0.0,0.0,4000.0,292.0,61.0,4353.0
1.0,240.0,4.0,3.0,1.0,,1.0,0.0,0.0,10200.0,470.0,154.0,10820.0
1.0,60.0,2.0,1.0,1.0,,0.0,0.0,0.0,1700.0,23.0,26.0,1749.0
0.0,240.0,3.0,4.0,2.0,,1.0,0.0,0.0,3000.0,250.0,46.0,3296.0
1.0,120.0,2.0,1.0,0.0,,1.0,0.0,0.0,1500.0,90.0,23.0,1613.0
1.0,250.0,3.0,2.0,2.0,,1.0,0.0,0.0,3500.0,250.0,53.0,3803.0
1.0,160.0,3.0,4.0,2.0,,1.0,0.0,0.0,4300.0,209.0,65.0,4574.0
1.0,110.0,6.0,5.0,7.0,,1.0,0.0,,9810.0,1000.0,148.0,10960.0
1.0,700.0,5.0,7.0,8.0,,1.0,1.0,0.0,6000.0,1800.0,91.0,7891.0
0.0,147.0,4.0,3.0,1.0,,1.0,0.0,0.0,3500.0,62.0,53.0,3615.0
1.0,130.0,2.0,3.0,2.0,,1.0,0.0,0.0,2500.0,42.0,38.0,2580.0
1.0,70.0,2.0,2.0,1.0,,1.0,0.0,0.0,2400.0,67.0,37.0,2504.0
1.0,39.0,2.0,1.0,1.0,,0.0,0.0,150.0,1500.0,38.0,23.0,1711.0
1.0,173.0,7.0,2.0,0.0,,0.0,0.0,0.0,4800.0,0.0,73.0,4873.0
1.0,300.0,5.0,6.0,6.0,,1.0,0.0,0.0,9500.0,2084.0,143.0,11730.0
1.0,651.0,7.0,7.0,8.0,,1.0,0.0,0.0,8500.0,1595.0,128.0,10220.0
1.0,19.0,1.0,1.0,0.0,,0.0,0.0,0.0,1200.0,41.0,16.0,1257.0
0.0,277.0,3.0,4.0,4.0,,1.0,0.0,0.0,3270.0,28.0,50.0,3348.0
1.0,114.0,3.0,1.0,0.0,,1.0,0.0,0.0,2650.0,150.0,40.0,2840.0
1.0,235.0,3.0,2.0,2.0,,0.0,0.0,0.0,8000.0,417.0,121.0,8538.0
1.0,20.0,1.0,1.0,0.0,,1.0,1.0,602.0,1800.0,130.0,23.0,2555.0
1.0,325.0,5.0,5.0,4.0,,1.0,0.0,0.0,6000.0,420.0,91.0,6511.0
0.0,43.0,2.0,1.0,1.0,,1.0,0.0,274.0,1061.0,7.0,14.0,1356.0
0.0,170.0,3.0,2.0,2.0,,1.0,0.0,0.0,2300.0,98.0,35.0,2433.0
1.0,150.0,3.0,2.0,1.0,,0.0,0.0,0.0,2500.0,59.0,38.0,2597.0
1.0,140.0,2.0,1.0,0.0,,1.0,0.0,0.0,1650.0,167.0,25.0,1842.0
1.0,300.0,3.0,4.0,4.0,,1.0,0.0,1.0,2800.0,292.0,43.0,3136.0
1.0,230.0,4.0,5.0,4.0,,1.0,0.0,0.0,8000.0,526.0,121.0,8647.0
1.0,440.0,1.0,2.0,4.0,,1.0,0.0,1.0,9800.0,584.0,148.0,10530.0
1.0,370.0,5.0,4.0,3.0,,1.0,0.0,0.0,14000.0,1290.0,211.0,15500.0
1.0,125.0,3.0,3.0,2.0,,1.0,0.0,0.0,2800.0,38.0,43.0,2881.0
0.0,750.0,4.0,5.0,5.0,,0.0,0.0,0.0,10400.0,667.0,157.0,11220.0
1.0,177.0,3.0,2.0,2.0,,1.0,0.0,0.0,4000.0,459.0,61.0,4520.0
1.0,450.0,4.0,5.0,6.0,,0.0,1.0,0.0,9000.0,1150.0,136.0,10290.0
1.0,120.0,3.0,2.0,0.0,,1.0,0.0,0.0,2250.0,0.0,34.0,2284.0
0.0,60.0,2.0,1.0,1.0,,1.0,0.0,485.0,800.0,60.0,11.0,1356.0
1.0,210.0,3.0,3.0,4.0,,1.0,0.0,0.0,3294.0,276.0,50.0,3620.0
1.0,100.0,4.0,2.0,2.0,,1.0,0.0,0.0,3500.0,42.0,53.0,3595.0
1.0,250.0,3.0,2.0,8.0,,1.0,0.0,0.0,6500.0,1360.0,98.0,7958.0
1.0,64.0,2.0,2.0,1.0,,0.0,0.0,773.0,1900.0,152.0,29.0,2854.0
1.0,380.0,5.0,5.0,4.0,,1.0,0.0,500.0,15000.0,1172.0,226.0,16900.0
1.0,400.0,4.0,5.0,5.0,,1.0,0.0,0.0,7200.0,350.0,109.0,7659.0
0.0,999.0,5.0,7.0,8.0,,1.0,0.0,0.0,14000.0,667.0,211.0,14880.0
1.0,300.0,4.0,2.0,6.0,,1.0,0.0,0.0,5000.0,250.0,76.0,5326.0
1.0,400.0,4.0,5.0,3.0,,1.0,0.0,0.0,15000.0,1750.0,226.0,16980.0
1.0,180.0,3.0,1.0,5.0,,1.0,0.0,0.0,6500.0,567.0,98.0,7165.0
1.0,350.0,4.0,3.0,4.0,,1.0,0.0,1.0,7300.0,600.0,110.0,8011.0
1.0,190.0,3.0,3.0,4.0,,1.0,1.0,1.0,4500.0,0.0,68.0,4569.0
1.0,40.0,2.0,1.0,0.0,,1.0,0.0,0.0,1100.0,0.0,17.0,1117.0
1.0,100.0,4.0,1.0,0.0,,1.0,0.0,0.0,1600.0,100.0,25.0,1725.0
1.0,90.0,2.0,1.0,0.0,,0.0,0.0,0.0,2600.0,480.0,40.0,3120.0
1.0,100.0,3.0,3.0,2.0,,0.0,0.0,120.0,2000.0,0.0,31.0,2151.0
0.0,295.0,7.0,6.0,4.0,,0.0,1.0,0.0,6200.0,334.0,94.0,6628.0
1.0,320.0,3.0,3.0,4.0,,1.0,0.0,0.0,10000.0,1000.0,151.0,11150.0
1.0,450.0,4.0,4.0,3.0,,1.0,0.0,,11500.0,875.0,173.0,12550.0
1.0,150.0,2.0,1.0,4.0,,1.0,0.0,0.0,2800.0,203.0,43.0,3046.0
1.0,400.0,4.0,4.0,4.0,,1.0,1.0,0.0,10000.0,912.0,151.0,11060.0
1.0,800.0,5.0,7.0,6.0,,1.0,0.0,1.0,15000.0,2051.0,226.0,17280.0
1.0,100.0,3.0,3.0,2.0,,1.0,0.0,900.0,4100.0,100.0,62.0,5162.0
1.0,300.0,2.0,3.0,2.0,,1.0,1.0,0.0,3200.0,0.0,49.0,3249.0
1.0,150.0,3.0,3.0,2.0,,1.0,0.0,0.0,2050.0,250.0,31.0,2331.0
1.0,80.0,1.0,1.0,0.0,,1.0,0.0,0.0,1200.0,1.0,19.0,1220.0
1.0,95.0,3.0,2.0,0.0,,1.0,0.0,0.0,1690.0,0.0,26.0,1716.0
1.0,300.0,4.0,4.0,3.0,,1.0,0.0,0.0,10000.0,767.0,151.0,10920.0
0.0,110.0,3.0,3.0,2.0,,1.0,0.0,560.0,3200.0,1056.0,49.0,4865.0
1.0,400.0,3.0,2.0,8.0,,1.0,1.0,0.0,15000.0,1334.0,226.0,16560.0
1.0,29.0,1.0,1.0,0.0,,0.0,0.0,0.0,1430.0,0.0,19.0,1449.0
1.0,140.0,2.0,2.0,2.0,,0.0,0.0,0.0,2700.0,56.0,41.0,2797.0
1.0,200.0,3.0,3.0,3.0,,1.0,0.0,0.0,7000.0,737.0,106.0,7843.0
1.0,187.0,3.0,2.0,3.0,,1.0,0.0,500.0,3500.0,193.0,53.0,4246.0
1.0,150.0,3.0,2.0,4.0,,1.0,0.0,0.0,9670.0,55.0,146.0,9871.0
0.0,60.0,2.0,1.0,1.0,,0.0,0.0,0.0,830.0,0.0,13.0,843.0
0.0,300.0,4.0,5.0,4.0,,1.0,0.0,0.0,4000.0,362.0,61.0,4423.0
0.0,296.0,6.0,4.0,8.0,,1.0,0.0,0.0,5200.0,375.0,79.0,5654.0
1.0,645.0,5.0,8.0,8.0,,1.0,0.0,0.0,15000.0,2334.0,226.0,17560.0
1.0,220.0,5.0,4.0,3.0,,0.0,0.0,0.0,8000.0,425.0,121.0,8546.0
1.0,600.0,5.0,5.0,6.0,,1.0,0.0,0.0,15000.0,2100.0,191.0,17290.0
1.0,556.0,4.0,5.0,7.0,,1.0,0.0,0.0,7000.0,2059.0,106.0,9165.0
1.0,40.0,1.0,1.0,0.0,,1.0,0.0,0.0,1100.0,195.0,17.0,1312.0
1.0,110.0,4.0,5.0,3.0,,1.0,0.0,0.0,3900.0,625.0,59.0,4584.0
1.0,20.0,1.0,1.0,0.0,,1.0,0.0,0.0,2060.0,0.0,27.0,2087.0
0.0,578.0,4.0,5.0,8.0,,1.0,0.0,0.0,9500.0,787.0,143.0,10430.0
1.0,180.0,3.0,2.0,1.0,,0.0,0.0,0.0,3000.0,163.0,46.0,3209.0
1.0,100.0,3.0,3.0,0.0,,1.0,0.0,0.0,1955.0,30.0,30.0,2015.0
1.0,200.0,3.0,2.0,2.0,,1.0,0.0,0.0,2900.0,791.0,44.0,3735.0
1.0,45.0,1.0,1.0,0.0,,0.0,0.0,,1030.0,60.0,16.0,1106.0
0.0,130.0,2.0,2.0,5.0,,1.0,0.0,0.0,1800.0,321.0,28.0,2149.0
1.0,150.0,2.0,2.0,1.0,,1.0,1.0,0.0,2175.0,0.0,12.0,2187.0
1.0,330.0,2.0,4.0,3.0,,1.0,0.0,0.0,6000.0,2000.0,91.0,8091.0
0.0,200.0,3.0,3.0,5.0,,1.0,0.0,0.0,2650.0,220.0,40.0,2910.0
0.0,170.0,4.0,3.0,2.0,,1.0,0.0,0.0,1750.0,109.0,27.0,1886.0
1.0,90.0,2.0,1.0,1.0,,1.0,0.0,0.0,2500.0,219.0,38.0,2757.0
1.0,130.0,3.0,1.0,1.0,,1.0,0.0,0.0,5600.0,0.0,85.0,5685.0
1.0,360.0,4.0,9.0,8.0,,1.0,0.0,0.0,8540.0,1329.0,129.0,9998.0
0.0,252.0,3.0,3.0,4.0,,1.0,0.0,0.0,3300.0,259.0,50.0,3609.0
0.0,130.0,3.0,2.0,0.0,,1.0,0.0,0.0,1400.0,10.0,22.0,1432.0
0.0,400.0,4.0,4.0,3.0,,1.0,0.0,1200.0,8700.0,458.0,131.0,10490.0
1.0,30.0,1.0,1.0,0.0,,0.0,0.0,,1200.0,0.0,19.0,1219.0
1.0,600.0,5.0,7.0,8.0,,1.0,1.0,0.0,9000.0,1875.0,136.0,11010.0
1.0,90.0,2.0,2.0,2.0,,1.0,0.0,0.0,1800.0,0.0,28.0,1828.0
1.0,350.0,3.0,5.0,3.0,,1.0,0.0,0.0,12000.0,1250.0,181.0,13430.0
1.0,26.0,1.0,1.0,0.0,,0.0,0.0,0.0,900.0,10.0,12.0,922.0
1.0,200.0,2.0,2.0,1.0,,1.0,0.0,0.0,2000.0,1.0,31.0,2032.0
1.0,260.0,3.0,2.0,1.0,,0.0,0.0,0.0,3000.0,334.0,46.0,3380.0
1.0,280.0,3.0,4.0,2.0,,1.0,0.0,0.0,2590.0,310.0,39.0,2939.0
1.0,137.0,2.0,2.0,1.0,,0.0,0.0,0.0,4600.0,410.0,70.0,5080.0
1.0,70.0,2.0,2.0,0.0,,1.0,0.0,0.0,1980.0,0.0,30.0,2010.0
1.0,130.0,2.0,2.0,2.0,,1.0,0.0,0.0,3500.0,448.0,53.0,4001.0
1.0,100.0,2.0,1.0,1.0,,1.0,0.0,0.0,1900.0,84.0,29.0,2013.0
0.0,348.0,3.0,3.0,3.0,,1.0,0.0,0.0,6000.0,350.0,91.0,6441.0
0.0,170.0,3.0,2.0,2.0,,1.0,0.0,0.0,2300.0,98.0,35.0,2433.0
1.0,400.0,3.0,7.0,4.0,,1.0,0.0,3000.0,20000.0,84.0,254.0,23340.0
0.0,188.0,5.0,4.0,0.0,,1.0,0.0,0.0,4000.0,178.0,61.0,4239.0
1.0,240.0,3.0,4.0,2.0,,1.0,0.0,1.0,8200.0,625.0,124.0,8950.0
0.0,380.0,3.0,5.0,4.0,,1.0,0.0,0.0,3800.0,459.0,58.0,4317.0
1.0,200.0,2.0,1.0,1.0,,1.0,0.0,0.0,2450.0,200.0,37.0,2687.0
1.0,126.0,2.0,2.0,1.0,,1.0,0.0,0.0,2500.0,0.0,38.0,2538.0
0.0,284.0,4.0,3.0,4.0,,1.0,1.0,1500.0,6000.0,405.0,91.0,7996.0
1.0,95.0,2.0,1.0,1.0,,1.0,0.0,0.0,2900.0,0.0,44.0,2944.0
0.0,150.0,2.0,2.0,1.0,,1.0,0.0,0.0,1060.0,167.0,16.0,1243.0
1.0,40.0,1.0,1.0,0.0,,0.0,0.0,0.0,780.0,17.0,12.0,809.0
1.0,150.0,3.0,4.0,2.0,,1.0,0.0,125.0,2750.0,159.0,42.0,3076.0
1.0,18.0,1.0,1.0,0.0,,1.0,0.0,0.0,1720.0,0.0,22.0,1742.0
1.0,370.0,5.0,3.0,4.0,,1.0,0.0,0.0,8500.0,492.0,128.0,9120.0
1.0,260.0,3.0,5.0,0.0,,1.0,0.0,0.0,9000.0,634.0,136.0,9770.0
1.0,220.0,3.0,4.0,2.0,,1.0,0.0,400.0,15000.0,834.0,226.0,16460.0
1.0,80.0,2.0,1.0,0.0,,1.0,1.0,0.0,4892.0,0.0,74.0,4966.0
1.0,60.0,3.0,3.0,2.0,,1.0,0.0,0.0,2700.0,273.0,41.0,3014.0
1.0,170.0,4.0,2.0,3.0,,1.0,0.0,0.0,2550.0,0.0,39.0,2589.0
1.0,50.0,1.0,1.0,0.0,,1.0,0.0,0.0,1100.0,0.0,17.0,1117.0
1.0,200.0,3.0,3.0,2.0,,1.0,0.0,0.0,8000.0,292.0,121.0,8413.0
1.0,250.0,3.0,5.0,8.0,,1.0,1.0,0.0,6000.0,7.0,91.0,6098.0
1.0,400.0,4.0,6.0,3.0,,1.0,0.0,0.0,7225.0,163.0,109.0,7497.0
1.0,830.0,2.0,2.0,2.0,,1.0,0.0,0.0,2001.0,159.0,31.0,2191.0
0.0,260.0,3.0,5.0,5.0,,1.0,0.0,1700.0,7600.0,584.0,115.0,9999.0
1.0,156.0,3.0,2.0,1.0,,1.0,0.0,,6400.0,59.0,97.0,6556.0
1.0,150.0,3.0,3.0,3.0,,1.0,0.0,100.0,4600.0,234.0,70.0,5004.0
1.0,200.0,3.0,3.0,5.0,,1.0,0.0,0.0,14000.0,834.0,211.0,15050.0
1.0,347.0,5.0,5.0,4.0,,1.0,0.0,0.0,7000.0,500.0,106.0,7606.0
1.0,230.0,5.0,3.0,2.0,,1.0,1.0,0.0,3491.0,291.0,53.0,3835.0
1.0,150.0,3.0,2.0,0.0,,1.0,0.0,0.0,2500.0,150.0,38.0,2688.0
1.0,240.0,5.0,2.0,3.0,,0.0,0.0,0.0,6500.0,290.0,98.0,6888.0
1.0,90.0,3.0,3.0,1.0,,1.0,0.0,0.0,2600.0,11.0,40.0,2651.0
1.0,168.0,3.0,2.0,4.0,,0.0,0.0,600.0,3500.0,317.0,53.0,4470.0
1.0,350.0,3.0,3.0,3.0,,0.0,0.0,0.0,10000.0,1292.0,151.0,11440.0
1.0,12.0,1.0,1.0,0.0,,0.0,0.0,0.0,1050.0,50.0,14.0,1114.0
1.0,280.0,3.0,4.0,2.0,,1.0,1.0,8000.0,8000.0,667.0,121.0,16790.0
1.0,25.0,1.0,1.0,0.0,,0.0,1.0,0.0,1750.0,0.0,23.0,1773.0
1.0,157.0,4.0,3.0,2.0,,1.0,0.0,0.0,6608.0,492.0,100.0,7200.0
1.0,300.0,3.0,4.0,7.0,,0.0,0.0,0.0,4340.0,550.0,66.0,4956.0
1.0,525.0,5.0,4.0,4.0,,1.0,0.0,0.0,8330.0,2167.0,126.0,10620.0
1.0,240.0,4.0,2.0,6.0,,0.0,1.0,0.0,4675.0,381.0,71.0,5127.0
1.0,400.0,3.0,3.0,4.0,,1.0,0.0,0.0,3790.0,160.0,57.0,4007.0
0.0,180.0,3.0,4.0,4.0,,1.0,0.0,0.0,3230.0,250.0,49.0,3529.0
1.0,330.0,5.0,4.0,2.0,,1.0,1.0,0.0,7650.0,720.0,115.0,8485.0
1.0,45.0,1.0,1.0,0.0,,0.0,0.0,700.0,1500.0,0.0,20.0,2220.0
0.0,650.0,4.0,6.0,4.0,,1.0,0.0,760.0,13000.0,1042.0,196.0,15000.0
1.0,138.0,3.0,1.0,0.0,,1.0,0.0,0.0,3500.0,445.0,53.0,3998.0
1.0,102.0,2.0,2.0,2.0,,1.0,0.0,0.0,3500.0,248.0,53.0,3801.0
1.0,190.0,4.0,2.0,3.0,,1.0,0.0,0.0,8000.0,525.0,121.0,8646.0
1.0,309.0,4.0,7.0,8.0,,1.0,0.0,0.0,10000.0,1167.0,151.0,11320.0
1.0,80.0,2.0,2.0,1.0,,1.0,1.0,,1600.0,25.0,25.0,1650.0
1.0,60.0,1.0,1.0,1.0,,1.0,0.0,0.0,1500.0,100.0,23.0,1623.0
1.0,180.0,2.0,3.0,2.0,,1.0,0.0,0.0,3150.0,301.0,48.0,3499.0
0.0,205.0,3.0,2.0,4.0,,1.0,0.0,0.0,2570.0,57.0,39.0,2666.0
1.0,60.0,2.0,1.0,0.0,,0.0,0.0,0.0,1100.0,50.0,17.0,1167.0
1.0,55.0,2.0,1.0,0.0,,1.0,0.0,380.0,1350.0,0.0,18.0,1748.0
1.0,100.0,3.0,3.0,4.0,,1.0,0.0,0.0,2500.0,146.0,38.0,2684.0
1.0,100.0,2.0,2.0,1.0,,0.0,0.0,0.0,1750.0,140.0,27.0,1917.0
1.0,380.0,4.0,1.0,0.0,,1.0,0.0,0.0,2890.0,150.0,25.0,3065.0
1.0,225.0,4.0,3.0,2.0,,1.0,1.0,0.0,4400.0,290.0,67.0,4757.0
1.0,40.0,1.0,1.0,0.0,,0.0,0.0,0.0,850.0,0.0,11.0,861.0
1.0,185.0,3.0,3.0,2.0,9.0,1.0,0.0,,12000.0,0.0,153.0,12150.0
1.0,150.0,3.0,3.0,8.0,,1.0,0.0,0.0,8000.0,1084.0,121.0,9205.0
1.0,320.0,5.0,4.0,4.0,,1.0,1.0,0.0,14650.0,960.0,221.0,15830.0
1.0,300.0,3.0,3.0,8.0,,1.0,1.0,,4000.0,350.0,61.0,4411.0
1.0,287.0,3.0,2.0,5.0,,1.0,0.0,0.0,15000.0,0.0,226.0,15230.0
0.0,170.0,3.0,2.0,2.0,,1.0,0.0,0.0,1800.0,41.0,28.0,1869.0
1.0,200.0,4.0,3.0,3.0,,1.0,0.0,0.0,3800.0,834.0,58.0,4692.0
1.0,300.0,3.0,3.0,4.0,,1.0,0.0,0.0,9000.0,650.0,136.0,9786.0
1.0,60.0,2.0,1.0,0.0,,1.0,0.0,0.0,1380.0,21.0,21.0,1422.0
1.0,100.0,2.0,2.0,2.0,,1.0,1.0,0.0,3900.0,34.0,59.0,3993.0
1.0,288.0,3.0,3.0,3.0,,1.0,0.0,0.0,12000.0,878.0,181.0,13060.0
1.0,300.0,4.0,4.0,3.0,,1.0,0.0,0.0,12900.0,584.0,194.0,13680.0
1.0,123.0,3.0,3.0,0.0,,1.0,0.0,0.0,4000.0,42.0,61.0,4103.0
1.0,35.0,1.0,1.0,0.0,,1.0,0.0,0.0,1100.0,3.0,14.0,1117.0
1.0,42.0,1.0,1.0,0.0,,0.0,0.0,0.0,1600.0,50.0,25.0,1675.0
1.0,318.0,5.0,3.0,2.0,,1.0,1.0,0.0,3840.0,600.0,58.0,4498.0
1.0,60.0,1.0,1.0,0.0,,0.0,0.0,0.0,1300.0,144.0,20.0,1464.0
1.0,280.0,3.0,4.0,3.0,,1.0,1.0,,8000.0,500.0,121.0,8621.0
1.0,376.0,3.0,3.0,7.0,,1.0,0.0,0.0,8000.0,834.0,121.0,8955.0
1.0,100.0,2.0,1.0,2.0,,1.0,0.0,0.0,3200.0,67.0,49.0,3316.0
1.0,300.0,2.0,4.0,2.0,,1.0,1.0,0.0,3250.0,0.0,49.0,3299.0
1.0,294.0,3.0,6.0,3.0,,1.0,0.0,0.0,2550.0,512.0,39.0,3101.0
1.0,232.0,4.0,3.0,4.0,,1.0,1.0,0.0,4500.0,342.0,68.0,4910.0
1.0,260.0,4.0,2.0,3.0,,1.0,0.0,0.0,3850.0,430.0,58.0,4338.0
1.0,100.0,5.0,5.0,2.0,,0.0,0.0,0.0,4500.0,382.0,68.0,4950.0
0.0,280.0,4.0,3.0,4.0,,1.0,0.0,2307.0,3100.0,341.0,47.0,5795.0
1.0,500.0,3.0,3.0,5.0,,1.0,0.0,0.0,8500.0,534.0,128.0,9162.0
1.0,208.0,4.0,2.0,4.0,,1.0,0.0,0.0,4500.0,282.0,68.0,4850.0
1.0,230.0,4.0,5.0,0.0,,1.0,1.0,0.0,7600.0,300.0,115.0,8015.0
1.0,249.0,3.0,3.0,3.0,,1.0,0.0,0.0,9000.0,834.0,136.0,9970.0
0.0,227.0,3.0,3.0,4.0,,1.0,0.0,0.0,3200.0,290.0,49.0,3539.0
1.0,22.0,1.0,1.0,0.0,,0.0,0.0,0.0,976.0,0.0,15.0,991.0
1.0,400.0,3.0,6.0,6.0,,1.0,1.0,0.0,6500.0,375.0,98.0,6973.0
1.0,280.0,4.0,3.0,3.0,,1.0,0.0,1300.0,8500.0,1084.0,128.0,11010.0
0.0,60.0,1.0,1.0,2.0,,1.0,0.0,0.0,1660.0,50.0,25.0,1735.0
1.0,55.0,2.0,1.0,1.0,,1.0,0.0,550.0,1250.0,0.0,16.0,1816.0
0.0,100.0,3.0,2.0,8.0,,1.0,0.0,0.0,2000.0,82.0,31.0,2113.0
1.0,250.0,2.0,2.0,1.0,,1.0,0.0,,4800.0,534.0,73.0,5407.0
1.0,37.0,1.0,1.0,0.0,,0.0,0.0,0.0,900.0,75.0,14.0,989.0
1.0,200.0,6.0,4.0,2.0,,1.0,0.0,0.0,5600.0,4710.0,85.0,10400.0
0.0,100.0,3.0,2.0,3.0,,1.0,0.0,0.0,2200.0,0.0,34.0,2234.0
1.0,130.0,3.0,2.0,3.0,,1.0,0.0,139.0,1850.0,115.0,28.0,2132.0
1.0,500.0,3.0,4.0,7.0,,0.0,0.0,0.0,9300.0,1060.0,140.0,10500.0
1.0,167.0,3.0,3.0,2.0,,1.0,0.0,0.0,3700.0,311.0,56.0,4067.0
1.0,600.0,4.0,4.0,4.0,,1.0,0.0,0.0,6800.0,1000.0,103.0,7903.0
1.0,100.0,2.0,1.0,0.0,,0.0,0.0,,5000.0,125.0,76.0,5201.0
1.0,100.0,2.0,2.0,1.0,,1.0,0.0,0.0,2200.0,201.0,34.0,2435.0
1.0,80.0,3.0,2.0,2.0,,1.0,0.0,0.0,7000.0,167.0,106.0,7273.0
1.0,41.0,1.0,1.0,0.0,,1.0,0.0,250.0,1180.0,0.0,15.0,1445.0
1.0,750.0,4.0,7.0,7.0,,1.0,1.0,0.0,15000.0,3084.0,226.0,18310.0
1.0,75.0,3.0,1.0,1.0,,1.0,0.0,0.0,2450.0,0.0,37.0,2487.0
1.0,500.0,4.0,6.0,3.0,,1.0,0.0,6466.0,7300.0,2536.0,110.0,16410.0
1.0,400.0,3.0,4.0,4.0,,1.0,0.0,0.0,12000.0,1667.0,181.0,13850.0
1.0,35.0,1.0,1.0,1.0,,0.0,0.0,60.0,1249.0,0.0,8.0,1317.0
1.0,80.0,2.0,2.0,5.0,,1.0,0.0,0.0,3000.0,59.0,46.0,3105.0
0.0,83.0,2.0,1.0,8.0,,1.0,0.0,0.0,4550.0,405.0,69.0,5024.0
0.0,400.0,4.0,6.0,3.0,,1.0,0.0,1200.0,8000.0,1009.0,121.0,10330.0
1.0,235.0,3.0,2.0,1.0,,1.0,0.0,0.0,6000.0,825.0,91.0,6916.0
1.0,180.0,3.0,3.0,3.0,,1.0,0.0,0.0,2400.0,0.0,37.0,2437.0
1.0,120.0,3.0,1.0,1.0,,1.0,0.0,0.0,2625.0,0.0,26.0,2651.0
1.0,50.0,1.0,1.0,0.0,,1.0,0.0,0.0,900.0,18.0,14.0,932.0
1.0,160.0,4.0,3.0,2.0,,1.0,0.0,0.0,3800.0,250.0,58.0,4108.0
1.0,70.0,2.0,1.0,0.0,,1.0,0.0,0.0,1700.0,255.0,26.0,1981.0
1.0,107.0,2.0,2.0,1.0,,1.0,0.0,400.0,2600.0,0.0,33.0,3033.0
1.0,138.0,3.0,3.0,2.0,,1.0,0.0,0.0,2700.0,141.0,41.0,2882.0
0.0,291.0,4.0,3.0,2.0,,1.0,0.0,0.0,3300.0,208.0,50.0,3558.0
1.0,450.0,4.0,5.0,4.0,,1.0,0.0,0.0,6550.0,1086.0,99.0,7735.0
1.0,100.0,3.0,2.0,2.0,,1.0,1.0,550.0,3570.0,63.0,54.0,4237.0
1.0,300.0,2.0,3.0,2.0,,1.0,0.0,0.0,4900.0,292.0,74.0,5266.0
0.0,110.0,3.0,3.0,2.0,,1.0,0.0,560.0,3200.0,88.0,49.0,3897.0
1.0,98.0,3.0,2.0,0.0,,1.0,0.0,580.0,1628.0,61.0,21.0,2290.0
0.0,560.0,7.0,7.0,8.0,,1.0,0.0,,9000.0,911.0,136.0,10050.0
1.0,450.0,5.0,4.0,3.0,,1.0,0.0,0.0,12000.0,1201.0,181.0,13380.0
1.0,500.0,4.0,5.0,4.0,,0.0,1.0,0.0,12750.0,2087.0,192.0,15030.0
1.0,400.0,5.0,3.0,6.0,,1.0,0.0,0.0,13950.0,1880.0,210.0,16040.0
0.0,175.0,3.0,2.0,0.0,,0.0,0.0,0.0,2000.0,0.0,31.0,2031.0
1.0,390.0,3.0,3.0,2.0,,1.0,0.0,0.0,7680.0,600.0,116.0,8396.0
1.0,380.0,4.0,2.0,4.0,,1.0,0.0,0.0,4600.0,700.0,70.0,5370.0
1.0,140.0,3.0,3.0,2.0,,1.0,1.0,0.0,4900.0,25.0,74.0,4999.0
1.0,300.0,3.0,2.0,4.0,,1.0,0.0,0.0,2700.0,250.0,41.0,2991.0
0.0,430.0,4.0,5.0,5.0,,1.0,0.0,0.0,13000.0,474.0,196.0,13670.0
1.0,200.0,2.0,2.0,6.0,,1.0,0.0,0.0,4500.0,292.0,68.0,4860.0
1.0,160.0,3.0,3.0,2.0,,1.0,0.0,0.0,4680.0,212.0,71.0,4963.0
1.0,30.0,1.0,1.0,0.0,,0.0,0.0,,850.0,67.0,13.0,930.0
1.0,120.0,3.0,1.0,4.0,,1.0,0.0,0.0,3500.0,260.0,53.0,3813.0
1.0,300.0,4.0,3.0,2.0,,1.0,1.0,0.0,15000.0,1040.0,226.0,16270.0
1.0,190.0,3.0,2.0,1.0,,1.0,1.0,,4500.0,84.0,68.0,4652.0
1.0,120.0,2.0,2.0,2.0,,1.0,0.0,0.0,2690.0,226.0,41.0,2957.0
1.0,80.0,3.0,3.0,2.0,,0.0,1.0,,5000.0,42.0,76.0,5118.0
1.0,120.0,2.0,3.0,0.0,,1.0,0.0,,7000.0,450.0,106.0,7556.0
1.0,260.0,3.0,4.0,2.0,,1.0,0.0,0.0,7609.0,876.0,115.0,8600.0
0.0,440.0,4.0,4.0,4.0,,0.0,0.0,0.0,4000.0,417.0,61.0,4478.0
0.0,55.0,1.0,1.0,1.0,,1.0,1.0,0.0,1100.0,80.0,14.0,1194.0
1.0,600.0,5.0,7.0,5.0,,1.0,0.0,0.0,5200.0,155.0,79.0,5434.0
1.0,92.0,3.0,2.0,2.0,,0.0,0.0,150.0,2200.0,198.0,34.0,2582.0
1.0,200.0,4.0,2.0,2.0,,1.0,0.0,0.0,6000.0,250.0,91.0,6341.0
1.0,310.0,3.0,3.0,2.0,,0.0,0.0,0.0,10400.0,0.0,157.0,10560.0
1.0,260.0,4.0,4.0,4.0,,1.0,0.0,0.0,4500.0,0.0,68.0,4568.0
1.0,500.0,3.0,3.0,7.0,,1.0,0.0,0.0,5500.0,84.0,83.0,5667.0
1.0,125.0,3.0,2.0,2.0,,1.0,0.0,0.0,1800.0,5.0,28.0,1833.0
1.0,200.0,3.0,4.0,2.0,,1.0,0.0,0.0,3250.0,292.0,49.0,3591.0
0.0,144.0,3.0,2.0,3.0,,1.0,0.0,890.0,4000.0,138.0,61.0,5089.0
1.0,174.0,3.0,3.0,2.0,,1.0,0.0,20.0,4300.0,183.0,39.0,4542.0
1.0,48.0,2.0,2.0,1.0,,0.0,0.0,80.0,1900.0,0.0,29.0,2009.0
1.0,140.0,2.0,1.0,2.0,,1.0,0.0,0.0,5000.0,584.0,76.0,5660.0
1.0,67.0,1.0,1.0,0.0,,1.0,0.0,0.0,1300.0,55.0,20.0,1375.0
1.0,250.0,3.0,2.0,8.0,,1.0,0.0,0.0,10000.0,0.0,151.0,10150.0
1.0,300.0,3.0,6.0,6.0,,0.0,0.0,0.0,5000.0,1000.0,76.0,6076.0
1.0,120.0,3.0,2.0,2.0,,1.0,0.0,0.0,3800.0,0.0,58.0,3858.0
0.0,200.0,5.0,2.0,4.0,,1.0,0.0,0.0,3200.0,269.0,49.0,3518.0
1.0,75.0,2.0,1.0,0.0,,1.0,0.0,0.0,1500.0,325.0,23.0,1848.0
1.0,100.0,2.0,2.0,1.0,,1.0,0.0,0.0,4800.0,321.0,73.0,5194.0
1.0,144.0,2.0,4.0,6.0,,1.0,0.0,0.0,2196.0,225.0,34.0,2455.0
1.0,287.0,4.0,4.0,3.0,,1.0,0.0,0.0,15000.0,840.0,226.0,16070.0
1.0,115.0,2.0,1.0,1.0,,1.0,0.0,0.0,1750.0,134.0,27.0,1911.0
1.0,30.0,1.0,1.0,0.0,,1.0,0.0,0.0,820.0,50.0,13.0,883.0
1.0,370.0,7.0,6.0,8.0,,1.0,0.0,0.0,10000.0,1875.0,151.0,12030.0
1.0,100.0,2.0,2.0,1.0,,1.0,1.0,0.0,3500.0,125.0,53.0,3678.0
1.0,160.0,4.0,2.0,3.0,,1.0,0.0,0.0,3450.0,278.0,52.0,3780.0
1.0,40.0,1.0,1.0,1.0,,1.0,0.0,0.0,900.0,0.0,14.0,914.0
1.0,150.0,2.0,1.0,0.0,,1.0,0.0,0.0,1250.0,55.0,19.0,1324.0
1.0,250.0,3.0,3.0,6.0,,1.0,0.0,0.0,4250.0,519.0,64.0,4833.0
1.0,250.0,3.0,2.0,4.0,,1.0,0.0,0.0,6000.0,875.0,91.0,6966.0
1.0,50.0,1.0,1.0,0.0,,1.0,0.0,,840.0,34.0,13.0,887.0
1.0,100.0,2.0,1.0,2.0,,1.0,0.0,0.0,3000.0,172.0,46.0,3218.0
1.0,100.0,2.0,3.0,3.0,,1.0,1.0,1200.0,7650.0,250.0,97.0,9197.0
1.0,455.0,3.0,2.0,4.0,,1.0,0.0,0.0,11000.0,1834.0,166.0,13000.0
1.0,130.0,3.0,2.0,2.0,,1.0,0.0,0.0,3400.0,299.0,52.0,3751.0
1.0,600.0,5.0,8.0,0.0,,1.0,1.0,0.0,6900.0,1467.0,104.0,8471.0
1.0,90.0,2.0,1.0,1.0,,0.0,0.0,0.0,1450.0,34.0,22.0,1506.0
1.0,350.0,3.0,4.0,4.0,,1.0,0.0,0.0,3500.0,325.0,53.0,3878.0
1.0,100.0,2.0,1.0,0.0,,1.0,0.0,0.0,1800.0,275.0,28.0,2103.0
1.0,70.0,2.0,1.0,1.0,,1.0,0.0,60.0,2100.0,0.0,32.0,2192.0
1.0,400.0,4.0,3.0,2.0,,1.0,0.0,0.0,3390.0,400.0,43.0,3833.0
1.0,50.0,1.0,1.0,0.0,,0.0,0.0,,1300.0,100.0,20.0,1420.0
1.0,210.0,5.0,4.0,1.0,,1.0,0.0,0.0,15000.0,1667.0,226.0,16890.0
1.0,120.0,3.0,4.0,0.0,,1.0,0.0,250.0,3200.0,226.0,41.0,3717.0
1.0,150.0,3.0,4.0,1.0,,1.0,0.0,0.0,4250.0,491.0,64.0,4805.0
1.0,200.0,3.0,2.0,2.0,,1.0,1.0,0.0,4700.0,184.0,71.0,4955.0
1.0,85.0,2.0,2.0,0.0,,1.0,0.0,0.0,1700.0,0.0,26.0,1726.0
1.0,240.0,7.0,3.0,4.0,,1.0,0.0,0.0,6000.0,834.0,91.0,6925.0
1.0,119.0,3.0,2.0,2.0,,1.0,0.0,0.0,2860.0,207.0,43.0,3110.0
1.0,680.0,4.0,5.0,8.0,,1.0,0.0,,10000.0,217.0,151.0,10370.0
1.0,170.0,3.0,3.0,3.0,,1.0,0.0,0.0,4200.0,239.0,64.0,4503.0
1.0,390.0,4.0,4.0,4.0,,1.0,0.0,0.0,8000.0,1305.0,121.0,9426.0
1.0,40.0,1.0,1.0,0.0,,0.0,0.0,180.0,850.0,41.0,11.0,1082.0
1.0,65.0,2.0,2.0,1.0,,0.0,0.0,120.0,1850.0,0.0,28.0,1998.0
1.0,50.0,1.0,1.0,1.0,,1.0,0.0,0.0,1750.0,0.0,27.0,1777.0
1.0,360.0,7.0,6.0,6.0,,1.0,0.0,0.0,5270.0,245.0,80.0,5595.0
1.0,37.0,1.0,1.0,0.0,,0.0,0.0,0.0,1180.0,57.0,7.0,1244.0
1.0,450.0,5.0,5.0,4.0,,0.0,0.0,0.0,5740.0,520.0,87.0,6347.0
1.0,280.0,3.0,5.0,3.0,,1.0,0.0,,5700.0,436.0,86.0,6222.0
1.0,500.0,4.0,3.0,5.0,,0.0,1.0,0.0,12000.0,84.0,181.0,12270.0
1.0,40.0,1.0,1.0,0.0,,0.0,0.0,0.0,780.0,17.0,12.0,809.0
1.0,565.0,4.0,5.0,6.0,,1.0,1.0,2337.0,14850.0,2112.0,224.0,19520.0
1.0,500.0,5.0,5.0,8.0,1.0,1.0,0.0,,9800.0,92.0,148.0,10040.0
1.0,250.0,3.0,3.0,2.0,,1.0,0.0,0.0,9500.0,609.0,143.0,10250.0
1.0,40.0,1.0,1.0,0.0,,0.0,0.0,0.0,1350.0,80.0,21.0,1451.0
1.0,174.0,3.0,4.0,1.0,,1.0,1.0,0.0,5054.0,439.0,26.0,5519.0
0.0,80.0,3.0,1.0,4.0,,1.0,0.0,0.0,5500.0,0.0,83.0,5583.0
1.0,210.0,4.0,2.0,2.0,,1.0,0.0,0.0,8000.0,684.0,121.0,8805.0
1.0,50.0,2.0,3.0,0.0,,0.0,0.0,0.0,1740.0,84.0,27.0,1851.0
0.0,210.0,3.0,3.0,0.0,,1.0,0.0,0.0,3050.0,300.0,46.0,3396.0
1.0,50.0,1.0,1.0,0.0,,0.0,0.0,0.0,1200.0,84.0,19.0,1303.0
1.0,70.0,1.0,1.0,0.0,,1.0,0.0,0.0,1475.0,90.0,23.0,1588.0
1.0,156.0,3.0,3.0,5.0,,0.0,0.0,0.0,4000.0,0.0,34.0,4034.0
1.0,200.0,4.0,4.0,4.0,,1.0,0.0,0.0,4500.0,450.0,68.0,5018.0
1.0,155.0,2.0,3.0,2.0,,1.0,0.0,0.0,4000.0,377.0,61.0,4438.0
1.0,750.0,4.0,6.0,2.0,,1.0,0.0,0.0,15000.0,2041.0,226.0,17270.0
1.0,80.0,2.0,2.0,2.0,,1.0,0.0,50.0,1850.0,173.0,28.0,2101.0
1.0,126.0,4.0,3.0,4.0,,1.0,0.0,0.0,3300.0,167.0,50.0,3517.0
1.0,450.0,4.0,6.0,2.0,,1.0,0.0,0.0,4900.0,486.0,74.0,5460.0
1.0,50.0,2.0,1.0,0.0,,0.0,0.0,0.0,1100.0,80.0,17.0,1197.0
1.0,462.0,4.0,4.0,0.0,,1.0,1.0,0.0,10000.0,2700.0,151.0,12850.0
1.0,40.0,1.0,1.0,0.0,,0.0,0.0,0.0,780.0,17.0,12.0,809.0
1.0,320.0,3.0,3.0,4.0,,1.0,0.0,1700.0,4320.0,142.0,65.0,6227.0
1.0,400.0,4.0,3.0,4.0,,1.0,1.0,0.0,9000.0,998.0,136.0,10130.0
1.0,90.0,2.0,2.0,0.0,,1.0,0.0,0.0,1950.0,125.0,30.0,2105.0
0.0,308.0,3.0,4.0,4.0,,1.0,0.0,0.0,8000.0,478.0,121.0,8599.0
1.0,380.0,4.0,4.0,2.0,,1.0,0.0,0.0,5500.0,1000.0,83.0,6583.0
1.0,90.0,2.0,2.0,1.0,,1.0,0.0,0.0,2600.0,0.0,40.0,2640.0
1.0,160.0,3.0,4.0,3.0,,1.0,0.0,0.0,2850.0,475.0,43.0,3368.0
1.0,55.0,2.0,2.0,1.0,,1.0,0.0,0.0,1550.0,0.0,24.0,1574.0
1.0,50.0,1.0,1.0,1.0,,1.0,0.0,0.0,900.0,59.0,14.0,973.0
1.0,140.0,5.0,4.0,1.0,,1.0,0.0,0.0,2500.0,0.0,38.0,2538.0
1.0,287.0,4.0,5.0,3.0,,1.0,0.0,,10000.0,955.0,151.0,11110.0
1.0,480.0,4.0,7.0,8.0,,1.0,0.0,0.0,14000.0,2186.0,211.0,16400.0
1.0,130.0,3.0,2.0,1.0,,0.0,0.0,0.0,2500.0,421.0,38.0,2959.0
1.0,35.0,1.0,1.0,0.0,,0.0,1.0,0.0,1550.0,0.0,20.0,1570.0
1.0,50.0,3.0,2.0,0.0,,1.0,0.0,0.0,1300.0,100.0,20.0,1420.0
1.0,100.0,2.0,2.0,3.0,,1.0,0.0,0.0,3500.0,642.0,53.0,4195.0
1.0,223.0,4.0,4.0,5.0,,1.0,1.0,0.0,5000.0,472.0,76.0,5548.0
1.0,195.0,3.0,2.0,3.0,,1.0,0.0,0.0,2255.0,0.0,34.0,2289.0
1.0,350.0,3.0,4.0,4.0,,1.0,1.0,0.0,15000.0,1234.0,226.0,16460.0
0.0,411.0,4.0,5.0,4.0,,1.0,0.0,0.0,5500.0,667.0,83.0,6250.0
0.0,900.0,3.0,6.0,8.0,,1.0,0.0,2000.0,15000.0,1834.0,226.0,19060.0
1.0,182.0,3.0,2.0,2.0,,1.0,0.0,0.0,2600.0,622.0,40.0,3262.0
1.0,270.0,5.0,3.0,2.0,,1.0,1.0,0.0,3150.0,0.0,48.0,3198.0
1.0,230.0,6.0,4.0,8.0,,1.0,0.0,0.0,10000.0,0.0,151.0,10150.0
1.0,71.0,3.0,4.0,0.0,,1.0,0.0,0.0,4000.0,0.0,61.0,4061.0
1.0,500.0,5.0,7.0,7.0,,1.0,0.0,0.0,11500.0,5500.0,173.0,17170.0
1.0,25.0,1.0,1.0,0.0,,1.0,0.0,20.0,1200.0,25.0,19.0,1264.0
1.0,120.0,4.0,4.0,4.0,,1.0,0.0,0.0,4500.0,0.0,68.0,4568.0
1.0,60.0,2.0,1.0,0.0,,0.0,0.0,0.0,1000.0,34.0,16.0,1050.0
1.0,90.0,2.0,2.0,1.0,,1.0,0.0,0.0,2500.0,274.0,38.0,2812.0
1.0,80.0,2.0,1.0,0.0,,1.0,0.0,0.0,1200.0,67.0,19.0,1286.0
0.0,50.0,2.0,1.0,1.0,,0.0,0.0,,1120.0,277.0,15.0,1412.0
1.0,22.0,1.0,1.0,0.0,,0.0,0.0,0.0,870.0,0.0,14.0,884.0
1.0,200.0,4.0,3.0,2.0,,1.0,0.0,0.0,6660.0,575.0,101.0,7336.0
1.0,330.0,4.0,3.0,0.0,,1.0,0.0,0.0,9800.0,750.0,148.0,10700.0
1.0,180.0,3.0,3.0,1.0,,1.0,1.0,1400.0,6800.0,0.0,87.0,8287.0
1.0,120.0,3.0,2.0,2.0,,1.0,0.0,,5000.0,250.0,76.0,5326.0
1.0,260.0,3.0,4.0,3.0,,1.0,0.0,0.0,5000.0,393.0,47.0,5440.0
1.0,40.0,1.0,1.0,0.0,,1.0,0.0,,650.0,17.0,10.0,677.0
1.0,200.0,3.0,5.0,3.0,,1.0,0.0,0.0,2950.0,250.0,45.0,3245.0
0.0,45.0,1.0,1.0,0.0,,0.0,0.0,0.0,700.0,25.0,11.0,736.0
1.0,75.0,2.0,1.0,1.0,,1.0,0.0,0.0,2450.0,0.0,37.0,2487.0
1.0,76.0,2.0,1.0,1.0,,1.0,0.0,0.0,2000.0,45.0,31.0,2076.0
1.0,110.0,2.0,2.0,1.0,,1.0,0.0,0.0,2200.0,192.0,34.0,2426.0
1.0,113.0,3.0,2.0,2.0,,1.0,0.0,0.0,2990.0,22.0,45.0,3057.0
0.0,200.0,3.0,4.0,5.0,,0.0,0.0,850.0,4300.0,84.0,65.0,5299.0
1.0,318.0,4.0,6.0,4.0,,0.0,0.0,2500.0,12000.0,334.0,153.0,14990.0
1.0,170.0,3.0,3.0,4.0,,1.0,0.0,,3500.0,222.0,53.0,3775.0
1.0,50.0,2.0,1.0,1.0,,1.0,0.0,510.0,1100.0,50.0,14.0,1674.0
1.0,265.0,4.0,4.0,4.0,,1.0,0.0,0.0,6000.0,177.0,91.0,6268.0
1.0,150.0,3.0,2.0,0.0,,1.0,0.0,,4000.0,24.0,61.0,4085.0
1.0,300.0,2.0,2.0,2.0,,1.0,0.0,0.0,2700.0,300.0,41.0,3041.0
1.0,200.0,3.0,2.0,2.0,,1.0,0.0,,4500.0,250.0,68.0,4818.0
1.0,190.0,4.0,4.0,2.0,,1.0,0.0,0.0,3500.0,315.0,53.0,3868.0
1.0,198.0,4.0,2.0,0.0,,1.0,0.0,0.0,4000.0,500.0,61.0,4561.0
1.0,34.0,1.0,1.0,0.0,,1.0,0.0,182.0,1331.0,0.0,17.0,1530.0
1.0,290.0,4.0,4.0,0.0,,1.0,0.0,0.0,6800.0,1100.0,103.0,8003.0
1.0,48.0,1.0,1.0,0.0,,0.0,0.0,0.0,1100.0,9.0,17.0,1126.0
1.0,130.0,3.0,1.0,2.0,,1.0,0.0,0.0,3800.0,130.0,58.0,3988.0
1.0,90.0,2.0,1.0,2.0,,1.0,0.0,,1560.0,225.0,24.0,1809.0
0.0,233.0,3.0,1.0,1.0,,1.0,0.0,0.0,2700.0,239.0,41.0,2980.0
1.0,30.0,1.0,1.0,1.0,9.0,0.0,0.0,,3000.0,0.0,39.0,3039.0
1.0,132.0,3.0,2.0,2.0,,1.0,0.0,0.0,3800.0,52.0,58.0,3910.0
1.0,161.0,4.0,3.0,3.0,,1.0,0.0,0.0,3600.0,300.0,46.0,3946.0
1.0,100.0,1.0,4.0,1.0,,1.0,0.0,0.0,11000.0,250.0,166.0,11420.0
1.0,300.0,4.0,5.0,8.0,,1.0,1.0,0.0,12000.0,917.0,181.0,13100.0
1.0,60.0,1.0,1.0,0.0,,0.0,0.0,0.0,1600.0,192.0,25.0,1817.0
1.0,100.0,1.0,2.0,0.0,,0.0,0.0,4320.0,3100.0,0.0,40.0,7460.0
0.0,210.0,6.0,3.0,0.0,,1.0,0.0,0.0,4200.0,0.0,64.0,4264.0
1.0,40.0,1.0,1.0,0.0,,0.0,0.0,0.0,750.0,0.0,12.0,762.0
1.0,232.0,3.0,4.0,2.0,,1.0,0.0,0.0,3820.0,60.0,58.0,3938.0
1.0,450.0,4.0,2.0,3.0,,1.0,0.0,0.0,13000.0,1000.0,196.0,14200.0
1.0,100.0,2.0,2.0,5.0,,1.0,0.0,0.0,6800.0,667.0,103.0,7570.0
1.0,90.0,2.0,3.0,0.0,,1.0,0.0,0.0,3400.0,0.0,52.0,3452.0
1.0,250.0,5.0,2.0,6.0,,1.0,0.0,0.0,9000.0,1417.0,136.0,10550.0
0.0,300.0,4.0,5.0,2.0,,1.0,0.0,0.0,6000.0,0.0,91.0,6091.0
1.0,140.0,2.0,1.0,3.0,,1.0,0.0,0.0,2500.0,194.0,38.0,2732.0
1.0,86.0,2.0,1.0,1.0,,1.0,0.0,0.0,2200.0,110.0,34.0,2344.0
1.0,100.0,2.0,2.0,1.0,,1.0,0.0,0.0,2000.0,88.0,31.0,2119.0
1.0,180.0,3.0,2.0,4.0,,1.0,0.0,0.0,3600.0,0.0,55.0,3655.0
1.0,350.0,4.0,3.0,4.0,,1.0,0.0,0.0,4000.0,209.0,61.0,4270.0
1.0,200.0,2.0,1.0,0.0,,1.0,0.0,0.0,2800.0,291.0,43.0,3134.0
1.0,520.0,3.0,4.0,3.0,,1.0,1.0,0.0,7000.0,645.0,106.0,7751.0
1.0,104.0,3.0,2.0,1.0,,0.0,0.0,0.0,7500.0,267.0,113.0,7880.0
1.0,273.0,3.0,2.0,5.0,,0.0,0.0,0.0,2750.0,215.0,42.0,3007.0
1.0,120.0,3.0,3.0,2.0,,1.0,0.0,0.0,2580.0,0.0,39.0,2619.0
1.0,50.0,1.0,1.0,1.0,,0.0,0.0,0.0,900.0,21.0,14.0,935.0
1.0,40.0,1.0,1.0,0.0,,0.0,0.0,0.0,1094.0,0.0,17.0,1111.0
1.0,410.0,5.0,7.0,3.0,,1.0,1.0,0.0,12000.0,750.0,181.0,12930.0
1.0,100.0,2.0,1.0,1.0,,0.0,0.0,0.0,1450.0,0.0,22.0,1472.0
1.0,240.0,4.0,4.0,1.0,,1.0,0.0,0.0,9000.0,696.0,136.0,9832.0
1.0,160.0,3.0,3.0,2.0,,1.0,0.0,0.0,5500.0,209.0,83.0,5792.0
1.0,150.0,2.0,2.0,1.0,,1.0,0.0,0.0,2954.0,1.0,45.0,3000.0
1.0,300.0,3.0,5.0,4.0,,1.0,0.0,0.0,4490.0,334.0,68.0,4892.0
0.0,53.0,2.0,1.0,1.0,,1.0,0.0,284.0,2000.0,41.0,26.0,2351.0
1.0,250.0,4.0,3.0,4.0,,1.0,0.0,0.0,7200.0,434.0,109.0,7743.0
1.0,35.0,1.0,1.0,0.0,,0.0,0.0,0.0,1900.0,101.0,29.0,2030.0
1.0,200.0,4.0,2.0,1.0,,0.0,0.0,0.0,2500.0,334.0,38.0,2872.0
1.0,20.0,1.0,1.0,0.0,,0.0,0.0,,790.0,0.0,11.0,801.0
1.0,213.0,2.0,2.0,3.0,,1.0,0.0,0.0,5150.0,0.0,78.0,5228.0
1.0,40.0,1.0,1.0,0.0,,0.0,0.0,0.0,870.0,0.0,14.0,884.0
1.0,500.0,3.0,2.0,8.0,,1.0,0.0,0.0,4000.0,632.0,61.0,4693.0
1.0,130.0,2.0,2.0,2.0,,1.0,0.0,0.0,2500.0,608.0,38.0,3146.0
1.0,160.0,3.0,3.0,0.0,,0.0,0.0,,5000.0,500.0,76.0,5576.0
1.0,130.0,3.0,2.0,2.0,,1.0,1.0,0.0,3000.0,0.0,46.0,3046.0
1.0,260.0,2.0,2.0,2.0,,0.0,0.0,0.0,3800.0,567.0,58.0,4425.0
1.0,28.0,1.0,1.0,0.0,,0.0,1.0,0.0,1650.0,0.0,21.0,1671.0
1.0,60.0,1.0,2.0,0.0,,1.0,0.0,0.0,1062.0,1.0,16.0,1079.0
1.0,287.0,3.0,4.0,4.0,,1.0,1.0,0.0,9000.0,430.0,136.0,9566.0
1.0,470.0,4.0,5.0,4.0,,1.0,1.0,0.0,10200.0,2375.0,154.0,12730.0
1.0,70.0,2.0,1.0,0.0,,1.0,0.0,0.0,3000.0,0.0,46.0,3046.0
1.0,100.0,2.0,1.0,1.0,,1.0,0.0,0.0,3800.0,270.0,58.0,4128.0
1.0,70.0,1.0,1.0,0.0,,0.0,0.0,0.0,1086.0,163.0,17.0,1266.0
1.0,80.0,2.0,2.0,1.0,,0.0,0.0,0.0,2188.0,0.0,10.0,2198.0
1.0,45.0,1.0,1.0,0.0,,1.0,0.0,,1500.0,76.0,23.0,1599.0
1.0,200.0,3.0,2.0,3.0,,1.0,0.0,0.0,2900.0,334.0,44.0,3278.0
1.0,100.0,1.0,1.0,0.0,,1.0,1.0,0.0,2720.0,138.0,41.0,2899.0
1.0,845.0,5.0,9.0,6.0,,1.0,1.0,0.0,8499.0,1000.0,128.0,9627.0
1.0,250.0,3.0,4.0,2.0,,1.0,0.0,0.0,6000.0,75.0,91.0,6166.0
1.0,550.0,4.0,5.0,5.0,,1.0,0.0,0.0,5000.0,875.0,76.0,5951.0
1.0,180.0,2.0,2.0,2.0,,1.0,1.0,0.0,3084.0,167.0,47.0,3298.0
1.0,300.0,5.0,6.0,4.0,,1.0,0.0,0.0,8700.0,1311.0,131.0,10140.0
1.0,226.0,3.0,3.0,0.0,,1.0,1.0,0.0,6000.0,34.0,91.0,6125.0
1.0,70.0,1.0,1.0,0.0,,0.0,0.0,0.0,1520.0,125.0,23.0,1668.0
0.0,100.0,2.0,2.0,0.0,,1.0,0.0,,1700.0,200.0,26.0,1926.0
0.0,550.0,3.0,7.0,8.0,,1.0,0.0,,7700.0,430.0,116.0,8246.0
1.0,340.0,4.0,4.0,0.0,,1.0,0.0,0.0,4000.0,334.0,61.0,4395.0
0.0,202.0,3.0,2.0,4.0,,1.0,0.0,0.0,3500.0,608.0,53.0,4161.0
1.0,242.0,5.0,3.0,2.0,,1.0,0.0,0.0,4250.0,380.0,64.0,4694.0
1.0,40.0,1.0,1.0,0.0,,0.0,0.0,0.0,1300.0,0.0,17.0,1317.0
1.0,25.0,1.0,1.0,0.0,,0.0,0.0,0.0,1000.0,84.0,16.0,1100.0
1.0,38.0,1.0,1.0,0.0,,0.0,0.0,,1650.0,0.0,25.0,1675.0
1.0,190.0,3.0,3.0,2.0,,1.0,1.0,0.0,11000.0,317.0,166.0,11480.0
1.0,362.0,4.0,5.0,2.0,,1.0,0.0,0.0,7000.0,834.0,106.0,7940.0
1.0,200.0,3.0,4.0,4.0,,1.0,0.0,0.0,4500.0,365.0,68.0,4933.0
1.0,65.0,2.0,1.0,0.0,,1.0,0.0,0.0,1300.0,70.0,17.0,1387.0
1.0,51.0,2.0,1.0,1.0,,1.0,0.0,480.0,1800.0,58.0,23.0,2361.0
1.0,60.0,1.0,1.0,0.0,,1.0,0.0,0.0,1000.0,34.0,16.0,1050.0
1.0,80.0,2.0,1.0,2.0,,1.0,0.0,0.0,2000.0,18.0,31.0,2049.0
1.0,180.0,2.0,1.0,0.0,,1.0,0.0,0.0,2300.0,188.0,35.0,2523.0
1.0,320.0,8.0,4.0,0.0,,1.0,0.0,450.0,11000.0,350.0,166.0,11970.0
1.0,50.0,1.0,1.0,0.0,,1.0,0.0,225.0,900.0,156.0,14.0,1295.0
1.0,450.0,4.0,5.0,7.0,,1.0,1.0,0.0,12000.0,334.0,181.0,12520.0
1.0,383.0,4.0,5.0,6.0,,1.0,0.0,2780.0,10200.0,1760.0,154.0,14890.0
1.0,800.0,5.0,4.0,8.0,,1.0,0.0,0.0,14200.0,2250.0,214.0,16660.0
1.0,303.0,4.0,5.0,1.0,,1.0,1.0,0.0,9000.0,0.0,126.0,9126.0
1.0,126.0,2.0,1.0,0.0,,1.0,0.0,0.0,1700.0,314.0,26.0,2040.0
1.0,290.0,3.0,3.0,2.0,,1.0,1.0,0.0,15000.0,1000.0,226.0,16230.0
1.0,166.0,2.0,1.0,5.0,,1.0,1.0,0.0,2200.0,200.0,34.0,2434.0
1.0,236.0,3.0,4.0,5.0,,1.0,0.0,0.0,3700.0,452.0,56.0,4208.0
1.0,50.0,1.0,1.0,0.0,,1.0,0.0,0.0,820.0,8.0,13.0,841.0
1.0,110.0,2.0,3.0,3.0,,1.0,0.0,0.0,2200.0,8.0,34.0,2242.0
1.0,40.0,1.0,1.0,0.0,,0.0,0.0,0.0,780.0,17.0,12.0,809.0
1.0,60.0,3.0,2.0,1.0,,1.0,1.0,0.0,2430.0,0.0,37.0,2467.0
1.0,380.0,3.0,3.0,4.0,,1.0,1.0,0.0,4200.0,300.0,64.0,4564.0
1.0,250.0,3.0,1.0,0.0,,1.0,0.0,0.0,4300.0,542.0,65.0,4907.0
1.0,70.0,2.0,1.0,0.0,,1.0,0.0,0.0,1300.0,50.0,20.0,1370.0
0.0,350.0,4.0,6.0,6.0,,1.0,0.0,1200.0,7600.0,55.0,115.0,8970.0
1.0,100.0,2.0,1.0,0.0,,1.0,0.0,0.0,1100.0,125.0,17.0,1242.0
0.0,82.0,1.0,1.0,1.0,,1.0,0.0,290.0,1200.0,82.0,16.0,1588.0
1.0,80.0,2.0,1.0,0.0,,1.0,0.0,0.0,1439.0,52.0,22.0,1513.0
0.0,164.0,3.0,2.0,2.0,,1.0,0.0,,2100.0,293.0,32.0,2425.0
1.0,40.0,1.0,1.0,0.0,,1.0,0.0,0.0,960.0,0.0,15.0,975.0
0.0,200.0,3.0,3.0,3.0,,1.0,0.0,0.0,2000.0,166.0,31.0,2197.0
1.0,141.0,3.0,3.0,2.0,,1.0,0.0,0.0,4000.0,409.0,61.0,4470.0
0.0,300.0,3.0,3.0,4.0,,1.0,0.0,1.0,3800.0,450.0,58.0,4309.0
1.0,100.0,3.0,2.0,1.0,,1.0,0.0,0.0,3500.0,98.0,53.0,3651.0
0.0,250.0,2.0,1.0,6.0,,1.0,0.0,0.0,2200.0,167.0,34.0,2401.0
1.0,18.0,1.0,1.0,0.0,,1.0,0.0,0.0,1720.0,0.0,22.0,1742.0
1.0,80.0,2.0,2.0,2.0,,1.0,1.0,1000.0,5500.0,0.0,70.0,6570.0
0.0,77.0,3.0,1.0,0.0,,1.0,0.0,474.0,1000.0,43.0,13.0,1530.0
1.0,205.0,3.0,3.0,4.0,,1.0,0.0,0.0,6500.0,667.0,98.0,7265.0
1.0,63.0,2.0,2.0,1.0,,1.0,0.0,0.0,1920.0,79.0,29.0,2028.0
0.0,330.0,4.0,6.0,6.0,,1.0,1.0,680.0,8000.0,328.0,121.0,9129.0
1.0,40.0,1.0,1.0,0.0,1.0,0.0,0.0,,980.0,0.0,13.0,993.0
1.0,700.0,4.0,7.0,8.0,,1.0,0.0,0.0,45000.0,8750.0,677.0,54430.0
1.0,230.0,5.0,5.0,3.0,,1.0,0.0,0.0,9900.0,620.0,149.0,10670.0
1.0,70.0,2.0,1.0,1.0,,1.0,0.0,230.0,1300.0,50.0,17.0,1597.0
1.0,120.0,2.0,1.0,1.0,,1.0,0.0,,4000.0,24.0,61.0,4085.0
1.0,100.0,2.0,1.0,0.0,,0.0,0.0,0.0,2000.0,110.0,31.0,2141.0
1.0,320.0,4.0,4.0,8.0,,1.0,0.0,0.0,7000.0,980.0,106.0,8086.0
1.0,410.0,4.0,5.0,5.0,1.0,1.0,0.0,,20000.0,0.0,254.0,20250.0
1.0,100.0,2.0,1.0,3.0,,0.0,0.0,0.0,2700.0,378.0,41.0,3119.0
0.0,660.0,5.0,5.0,4.0,,1.0,0.0,1400.0,5000.0,1000.0,76.0,7476.0
1.0,400.0,4.0,4.0,4.0,,1.0,0.0,0.0,7500.0,742.0,113.0,8355.0
1.0,250.0,3.0,3.0,2.0,,0.0,0.0,,3700.0,459.0,56.0,4215.0
0.0,450.0,4.0,5.0,4.0,,1.0,1.0,0.0,6900.0,230.0,104.0,7234.0
1.0,400.0,5.0,5.0,4.0,,1.0,0.0,0.0,15000.0,1800.0,226.0,17030.0
1.0,45.0,2.0,2.0,0.0,,0.0,0.0,0.0,1630.0,84.0,25.0,1739.0
1.0,220.0,2.0,4.0,2.0,,1.0,1.0,0.0,6200.0,1200.0,94.0,7494.0
1.0,300.0,5.0,5.0,2.0,,1.0,0.0,0.0,4000.0,220.0,61.0,4281.0
1.0,80.0,2.0,2.0,2.0,,0.0,0.0,0.0,3600.0,390.0,55.0,4045.0
1.0,200.0,3.0,2.0,1.0,,0.0,0.0,0.0,2700.0,300.0,41.0,3041.0
1.0,500.0,4.0,4.0,4.0,,1.0,0.0,0.0,7500.0,552.0,113.0,8165.0
1.0,35.0,1.0,1.0,0.0,,1.0,0.0,,700.0,80.0,11.0,791.0
1.0,120.0,2.0,2.0,2.0,,1.0,0.0,100.0,5500.0,158.0,83.0,5841.0
1.0,55.0,2.0,3.0,2.0,,1.0,0.0,170.0,1850.0,123.0,28.0,2171.0
1.0,240.0,2.0,1.0,5.0,,1.0,0.0,0.0,2600.0,0.0,40.0,2640.0
1.0,150.0,2.0,3.0,0.0,,1.0,0.0,0.0,4000.0,124.0,61.0,4185.0
1.0,350.0,3.0,3.0,8.0,,1.0,0.0,,9240.0,1042.0,139.0,10420.0
1.0,340.0,4.0,6.0,4.0,,1.0,1.0,0.0,11470.0,1009.0,173.0,12650.0
1.0,400.0,3.0,3.0,6.0,,1.0,0.0,0.0,15000.0,1123.0,226.0,16350.0
0.0,350.0,4.0,5.0,4.0,,1.0,0.0,680.0,8000.0,417.0,121.0,9218.0
1.0,145.0,4.0,2.0,2.0,,1.0,0.0,0.0,2230.0,250.0,34.0,2514.0
1.0,165.0,3.0,1.0,2.0,,1.0,0.0,0.0,3800.0,0.0,25.0,3825.0
1.0,215.0,3.0,4.0,4.0,,1.0,0.0,0.0,10000.0,373.0,151.0,10520.0
1.0,25.0,1.0,1.0,0.0,,0.0,0.0,0.0,1350.0,87.0,21.0,1458.0
0.0,438.0,5.0,4.0,0.0,,1.0,0.0,0.0,7735.0,417.0,117.0,8269.0
1.0,30.0,1.0,1.0,0.0,,0.0,0.0,0.0,1000.0,43.0,13.0,1056.0
1.0,108.0,2.0,3.0,2.0,,1.0,0.0,450.0,2100.0,250.0,32.0,2832.0
0.0,70.0,2.0,1.0,1.0,,0.0,0.0,341.0,1184.0,60.0,15.0,1600.0
1.0,480.0,4.0,5.0,2.0,,1.0,1.0,,6000.0,2309.0,91.0,8400.0
1.0,280.0,5.0,2.0,1.0,,1.0,0.0,,8000.0,0.0,121.0,8121.0
1.0,200.0,3.0,4.0,2.0,,1.0,0.0,0.0,2500.0,500.0,38.0,3038.0
1.0,220.0,4.0,5.0,2.0,,1.0,0.0,0.0,6500.0,1176.0,98.0,7774.0
1.0,470.0,4.0,6.0,3.0,,1.0,0.0,0.0,7200.0,1134.0,109.0,8443.0
1.0,100.0,2.0,2.0,0.0,,0.0,0.0,0.0,3250.0,0.0,49.0,3299.0
1.0,70.0,2.0,1.0,0.0,,0.0,0.0,0.0,1700.0,25.0,26.0,1751.0
1.0,100.0,3.0,1.0,0.0,,1.0,0.0,0.0,2700.0,292.0,41.0,3033.0
1.0,230.0,2.0,1.0,8.0,,1.0,0.0,0.0,4500.0,720.0,68.0,5288.0
1.0,300.0,5.0,5.0,3.0,,1.0,0.0,0.0,4700.0,334.0,71.0,5105.0
1.0,280.0,3.0,5.0,3.0,,1.0,0.0,0.0,8000.0,0.0,121.0,8121.0
1.0,45.0,2.0,2.0,0.0,,0.0,0.0,0.0,1650.0,84.0,25.0,1759.0
1.0,350.0,5.0,3.0,6.0,,1.0,0.0,0.0,6070.0,1084.0,92.0,7246.0
1.0,300.0,3.0,3.0,3.0,,1.0,0.0,0.0,3500.0,250.0,53.0,3803.0
1.0,325.0,4.0,5.0,7.0,,1.0,1.0,0.0,13000.0,825.0,196.0,14020.0
1.0,170.0,2.0,2.0,5.0,,1.0,0.0,0.0,5500.0,600.0,83.0,6183.0
1.0,520.0,4.0,6.0,4.0,,1.0,0.0,0.0,15000.0,2250.0,226.0,17480.0
1.0,160.0,2.0,3.0,3.0,,1.0,0.0,0.0,7500.0,417.0,113.0,8030.0
1.0,300.0,4.0,5.0,4.0,,1.0,0.0,0.0,5000.0,538.0,76.0,5614.0
1.0,462.0,7.0,2.0,3.0,,0.0,0.0,0.0,8600.0,834.0,130.0,9564.0
1.0,120.0,3.0,3.0,2.0,,1.0,0.0,0.0,3500.0,122.0,53.0,3675.0
1.0,530.0,4.0,5.0,6.0,,0.0,0.0,0.0,15000.0,0.0,226.0,15230.0
1.0,260.0,2.0,3.0,4.0,,1.0,0.0,0.0,5500.0,142.0,83.0,5725.0
1.0,220.0,2.0,2.0,3.0,,1.0,0.0,0.0,10500.0,750.0,158.0,11410.0
1.0,270.0,2.0,3.0,4.0,,1.0,0.0,0.0,3270.0,169.0,50.0,3489.0
1.0,300.0,3.0,3.0,5.0,,1.0,0.0,0.0,5000.0,584.0,76.0,5660.0
0.0,200.0,3.0,2.0,3.0,,1.0,0.0,300.0,2550.0,600.0,39.0,3489.0
1.0,150.0,3.0,3.0,2.0,,1.0,0.0,,3300.0,135.0,50.0,3485.0
1.0,300.0,3.0,1.0,2.0,,1.0,0.0,0.0,4500.0,292.0,68.0,4860.0
1.0,220.0,3.0,2.0,1.0,,1.0,0.0,0.0,5000.0,500.0,76.0,5576.0
1.0,75.0,2.0,1.0,0.0,,0.0,1.0,450.0,2500.0,94.0,32.0,3076.0
1.0,79.0,2.0,1.0,0.0,,1.0,0.0,0.0,2100.0,218.0,27.0,2345.0
1.0,170.0,3.0,3.0,3.0,,1.0,0.0,0.0,3500.0,209.0,53.0,3762.0
0.0,260.0,3.0,4.0,4.0,,1.0,0.0,900.0,2800.0,129.0,43.0,3872.0
1.0,400.0,4.0,6.0,4.0,,1.0,0.0,0.0,15000.0,1875.0,226.0,17100.0
1.0,165.0,3.0,1.0,3.0,,1.0,0.0,0.0,3400.0,384.0,52.0,3836.0
0.0,402.0,4.0,5.0,2.0,,1.0,1.0,450.0,7500.0,63.0,113.0,8126.0
1.0,50.0,1.0,1.0,0.0,,0.0,0.0,0.0,1220.0,0.0,19.0,1239.0
1.0,110.0,3.0,1.0,0.0,,1.0,0.0,0.0,2000.0,0.0,31.0,2031.0
1.0,320.0,3.0,3.0,8.0,,1.0,0.0,0.0,5500.0,572.0,83.0,6155.0
1.0,600.0,6.0,5.0,5.0,,1.0,1.0,0.0,12000.0,3334.0,181.0,15520.0
1.0,197.0,3.0,1.0,2.0,,1.0,0.0,0.0,2100.0,290.0,32.0,2422.0
1.0,400.0,10.0,5.0,8.0,,1.0,0.0,0.0,10900.0,1417.0,164.0,12480.0
0.0,250.0,4.0,4.0,0.0,,1.0,0.0,750.0,3825.0,369.0,58.0,5002.0
1.0,890.0,5.0,6.0,8.0,,0.0,0.0,0.0,11000.0,9500.0,166.0,20670.0
1.0,71.0,3.0,4.0,0.0,,1.0,0.0,0.0,4000.0,0.0,61.0,4061.0
1.0,250.0,3.0,2.0,5.0,,0.0,0.0,0.0,4500.0,1000.0,68.0,5568.0
0.0,68.0,2.0,1.0,0.0,,1.0,0.0,0.0,1650.0,14.0,25.0,1689.0
1.0,530.0,4.0,5.0,6.0,,1.0,0.0,0.0,5950.0,1200.0,90.0,7240.0
1.0,20.0,1.0,1.0,0.0,,1.0,0.0,20.0,1200.0,25.0,19.0,1264.0
1.0,90.0,2.0,1.0,1.0,,0.0,0.0,0.0,2250.0,0.0,34.0,2284.0
1.0,50.0,1.0,1.0,1.0,,1.0,0.0,0.0,2592.0,0.0,24.0,2616.0
0.0,200.0,3.0,2.0,3.0,,1.0,0.0,0.0,2000.0,153.0,31.0,2184.0
1.0,200.0,3.0,2.0,5.0,,1.0,0.0,0.0,7000.0,963.0,106.0,8069.0
0.0,200.0,3.0,3.0,2.0,,1.0,0.0,650.0,2210.0,184.0,34.0,3078.0
1.0,60.0,2.0,1.0,0.0,,1.0,0.0,0.0,1700.0,245.0,26.0,1971.0
1.0,170.0,6.0,5.0,1.0,,1.0,0.0,0.0,3468.0,0.0,53.0,3521.0
1.0,298.0,4.0,6.0,5.0,,1.0,1.0,0.0,8450.0,750.0,128.0,9328.0
1.0,480.0,4.0,6.0,5.0,,1.0,0.0,0.0,15000.0,1572.0,226.0,16800.0
1.0,35.0,1.0,1.0,0.0,,0.0,0.0,0.0,1100.0,84.0,17.0,1201.0
1.0,350.0,7.0,4.0,2.0,,0.0,0.0,0.0,8000.0,1250.0,121.0,9371.0
1.0,280.0,3.0,4.0,2.0,,1.0,0.0,0.0,7000.0,584.0,106.0,7690.0
1.0,330.0,6.0,4.0,3.0,,1.0,0.0,0.0,13000.0,1156.0,196.0,14350.0
1.0,430.0,4.0,3.0,4.0,,1.0,0.0,0.0,8500.0,1427.0,128.0,10060.0
1.0,100.0,1.0,1.0,0.0,,0.0,0.0,,950.0,0.0,15.0,965.0
1.0,130.0,2.0,1.0,0.0,,1.0,1.0,0.0,4450.0,584.0,67.0,5101.0
1.0,80.0,2.0,2.0,1.0,,1.0,0.0,0.0,2600.0,417.0,40.0,3057.0
1.0,45.0,2.0,1.0,0.0,,0.0,0.0,70.0,1450.0,43.0,22.0,1585.0
0.0,350.0,2.0,2.0,2.0,,1.0,0.0,0.0,4300.0,150.0,65.0,4515.0
1.0,45.0,1.0,1.0,0.0,,0.0,0.0,0.0,1200.0,0.0,19.0,1219.0
1.0,375.0,4.0,4.0,3.0,,1.0,0.0,0.0,6400.0,75.0,97.0,6572.0
1.0,80.0,1.0,1.0,0.0,,0.0,0.0,0.0,2000.0,200.0,26.0,2226.0
1.0,700.0,5.0,8.0,3.0,,1.0,0.0,0.0,12000.0,1000.0,181.0,13180.0
0.0,420.0,5.0,3.0,3.0,,0.0,0.0,,4000.0,142.0,61.0,4203.0
1.0,45.0,1.0,1.0,0.0,1.0,0.0,0.0,,1100.0,0.0,17.0,1117.0
1.0,89.0,2.0,3.0,1.0,,1.0,1.0,360.0,5700.0,204.0,73.0,6337.0
1.0,50.0,2.0,2.0,1.0,,0.0,0.0,200.0,2175.0,234.0,33.0,2642.0
1.0,200.0,3.0,2.0,3.0,,1.0,0.0,0.0,3950.0,800.0,60.0,4810.0
1.0,400.0,4.0,3.0,2.0,,1.0,0.0,0.0,8000.0,1417.0,121.0,9538.0
0.0,63.0,2.0,1.0,1.0,,0.0,0.0,352.0,1750.0,90.0,23.0,2215.0
1.0,140.0,3.0,3.0,2.0,,1.0,0.0,0.0,3800.0,200.0,58.0,4058.0
1.0,103.0,3.0,2.0,1.0,,1.0,0.0,0.0,4200.0,250.0,64.0,4514.0
1.0,340.0,4.0,3.0,8.0,,1.0,0.0,0.0,13000.0,1167.0,196.0,14360.0
0.0,480.0,3.0,6.0,4.0,,1.0,0.0,700.0,5400.0,584.0,82.0,6766.0
1.0,400.0,5.0,5.0,5.0,,1.0,0.0,0.0,6400.0,2500.0,97.0,8997.0
1.0,170.0,3.0,2.0,2.0,,1.0,0.0,0.0,4200.0,309.0,64.0,4573.0
1.0,20.0,1.0,1.0,0.0,,1.0,1.0,0.0,2460.0,300.0,37.0,2797.0
1.0,90.0,2.0,2.0,0.0,,1.0,0.0,0.0,1750.0,0.0,27.0,1777.0
1.0,224.0,4.0,5.0,2.0,,1.0,0.0,0.0,3800.0,731.0,58.0,4589.0
1.0,80.0,2.0,1.0,0.0,,0.0,0.0,0.0,1400.0,100.0,22.0,1522.0
1.0,160.0,3.0,3.0,2.0,,1.0,0.0,0.0,2500.0,192.0,38.0,2730.0
1.0,192.0,3.0,1.0,0.0,,0.0,0.0,0.0,1600.0,125.0,25.0,1750.0
1.0,300.0,3.0,3.0,5.0,,1.0,0.0,0.0,5400.0,834.0,82.0,6316.0
1.0,400.0,3.0,5.0,5.0,,1.0,0.0,0.0,12500.0,0.0,188.0,12690.0
1.0,70.0,1.0,1.0,0.0,,1.0,0.0,0.0,1200.0,34.0,19.0,1253.0
1.0,174.0,3.0,1.0,2.0,,1.0,0.0,0.0,3600.0,284.0,55.0,3939.0
1.0,250.0,4.0,3.0,3.0,,1.0,0.0,0.0,4350.0,250.0,66.0,4666.0
1.0,120.0,3.0,3.0,2.0,,1.0,0.0,0.0,2900.0,375.0,44.0,3319.0
1.0,40.0,1.0,1.0,0.0,,0.0,1.0,0.0,860.0,59.0,13.0,932.0
1.0,524.0,4.0,5.0,3.0,,1.0,1.0,0.0,11050.0,1167.0,167.0,12380.0
0.0,380.0,3.0,3.0,5.0,,1.0,0.0,1300.0,6500.0,413.0,98.0,8311.0
1.0,330.0,4.0,2.0,5.0,,1.0,0.0,0.0,1870.0,400.0,29.0,2299.0
1.0,80.0,4.0,2.0,1.0,,1.0,0.0,0.0,2700.0,0.0,41.0,2741.0
1.0,400.0,3.0,4.0,5.0,,1.0,1.0,0.0,9500.0,1875.0,143.0,11520.0
1.0,210.0,4.0,4.0,3.0,,1.0,1.0,0.0,4700.0,375.0,71.0,5146.0
1.0,450.0,8.0,5.0,5.0,,1.0,0.0,0.0,8000.0,1000.0,121.0,9121.0
1.0,50.0,1.0,1.0,0.0,,1.0,0.0,0.0,700.0,45.0,11.0,756.0
0.0,200.0,3.0,5.0,4.0,,1.0,1.0,603.0,5500.0,179.0,83.0,6365.0
0.0,53.0,2.0,2.0,1.0,,1.0,1.0,443.0,1900.0,54.0,25.0,2422.0
1.0,71.0,2.0,2.0,1.0,,1.0,0.0,250.0,1830.0,153.0,24.0,2257.0
1.0,50.0,1.0,1.0,0.0,,0.0,0.0,0.0,1093.0,0.0,17.0,1110.0
0.0,63.0,2.0,1.0,1.0,,0.0,0.0,352.0,1750.0,90.0,23.0,2215.0
1.0,447.0,5.0,4.0,6.0,,1.0,0.0,0.0,15000.0,0.0,226.0,15230.0
1.0,200.0,4.0,2.0,4.0,,1.0,0.0,0.0,5800.0,1143.0,88.0,7031.0
1.0,180.0,2.0,1.0,4.0,,1.0,0.0,0.0,7000.0,834.0,106.0,7940.0
1.0,120.0,3.0,3.0,2.0,,1.0,0.0,0.0,8900.0,371.0,134.0,9405.0
1.0,500.0,3.0,6.0,0.0,,1.0,0.0,0.0,7000.0,1667.0,106.0,8773.0
1.0,50.0,1.0,1.0,0.0,,0.0,0.0,0.0,880.0,17.0,14.0,911.0
1.0,200.0,3.0,3.0,3.0,,1.0,0.0,0.0,2700.0,0.0,41.0,2741.0
0.0,66.0,2.0,1.0,1.0,,1.0,0.0,265.0,1100.0,34.0,14.0,1413.0
1.0,200.0,3.0,4.0,8.0,,1.0,0.0,0.0,7000.0,25.0,106.0,7131.0
1.0,182.0,3.0,3.0,5.0,,1.0,0.0,0.0,4200.0,250.0,64.0,4514.0
1.0,20.0,1.0,1.0,0.0,,1.0,1.0,602.0,1800.0,130.0,23.0,2555.0
1.0,80.0,1.0,1.0,1.0,,0.0,0.0,0.0,700.0,192.0,11.0,903.0
1.0,420.0,4.0,6.0,4.0,,1.0,0.0,300.0,6500.0,417.0,98.0,7315.0
1.0,200.0,3.0,2.0,3.0,,1.0,1.0,0.0,6000.0,209.0,91.0,6300.0
1.0,1600.0,4.0,5.0,12.0,,1.0,0.0,1.0,7900.0,5000.0,119.0,13020.0
1.0,133.0,2.0,3.0,3.0,,0.0,0.0,0.0,3500.0,217.0,53.0,3770.0
1.0,140.0,3.0,3.0,2.0,,1.0,0.0,0.0,5000.0,300.0,76.0,5376.0
1.0,250.0,2.0,2.0,8.0,,1.0,1.0,0.0,4500.0,459.0,68.0,5027.0
1.0,120.0,3.0,2.0,2.0,,1.0,0.0,0.0,4800.0,192.0,73.0,5065.0
0.0,160.0,2.0,1.0,2.0,,1.0,0.0,0.0,3950.0,125.0,60.0,4135.0
1.0,300.0,3.0,2.0,0.0,,1.0,1.0,0.0,8300.0,217.0,125.0,8642.0
1.0,50.0,1.0,1.0,0.0,,0.0,0.0,0.0,1150.0,50.0,18.0,1218.0
1.0,80.0,2.0,3.0,0.0,,1.0,0.0,,1700.0,84.0,26.0,1810.0
1.0,240.0,3.0,4.0,4.0,,0.0,0.0,0.0,4000.0,370.0,61.0,4431.0
1.0,20.0,1.0,1.0,0.0,,1.0,1.0,602.0,1800.0,130.0,23.0,2555.0
1.0,998.0,7.0,10.0,4.0,,1.0,1.0,0.0,15000.0,5000.0,226.0,20230.0
1.0,400.0,5.0,4.0,5.0,,0.0,0.0,0.0,13970.0,417.0,210.0,14590.0
1.0,307.0,4.0,6.0,4.0,,1.0,1.0,0.0,9100.0,1839.0,137.0,11080.0
1.0,330.0,4.0,4.0,5.0,,1.0,1.0,0.0,10000.0,750.0,151.0,10900.0
0.0,270.0,4.0,4.0,8.0,,1.0,0.0,0.0,3200.0,144.0,49.0,3393.0
1.0,244.0,3.0,4.0,2.0,,1.0,0.0,0.0,4500.0,535.0,68.0,5103.0
1.0,20.0,1.0,1.0,0.0,4.0,0.0,0.0,,1000.0,84.0,13.0,1097.0
1.0,80.0,2.0,1.0,0.0,,0.0,0.0,0.0,1576.0,125.0,24.0,1725.0
1.0,30.0,1.0,1.0,0.0,,1.0,0.0,0.0,1090.0,75.0,14.0,1179.0
1.0,140.0,4.0,3.0,2.0,,0.0,0.0,0.0,2600.0,117.0,40.0,2757.0
1.0,230.0,3.0,3.0,2.0,,1.0,0.0,0.0,2460.0,330.0,37.0,2827.0
1.0,25.0,1.0,1.0,0.0,,1.0,0.0,0.0,1200.0,25.0,19.0,1244.0
1.0,130.0,1.0,2.0,2.0,,1.0,0.0,0.0,1750.0,59.0,27.0,1836.0
1.0,378.0,4.0,4.0,8.0,,1.0,1.0,0.0,10000.0,1334.0,151.0,11490.0
1.0,160.0,4.0,2.0,2.0,,1.0,0.0,0.0,2580.0,0.0,39.0,2619.0
1.0,480.0,4.0,4.0,6.0,,1.0,0.0,,10000.0,1000.0,151.0,11150.0
1.0,60.0,1.0,1.0,0.0,,1.0,0.0,0.0,1300.0,255.0,20.0,1575.0
1.0,40.0,1.0,1.0,0.0,,0.0,0.0,0.0,780.0,17.0,12.0,809.0
1.0,330.0,3.0,6.0,4.0,,1.0,0.0,0.0,8500.0,856.0,128.0,9484.0
0.0,50.0,2.0,1.0,1.0,,1.0,0.0,330.0,1150.0,0.0,15.0,1495.0
1.0,80.0,2.0,1.0,1.0,,1.0,0.0,0.0,1900.0,567.0,29.0,2496.0
1.0,250.0,4.0,4.0,2.0,,0.0,0.0,,5000.0,442.0,76.0,5518.0
1.0,300.0,3.0,3.0,8.0,,1.0,0.0,0.0,5500.0,286.0,83.0,5869.0
1.0,60.0,1.0,2.0,1.0,,1.0,0.0,0.0,1500.0,30.0,23.0,1553.0
1.0,250.0,3.0,4.0,1.0,,1.0,0.0,0.0,5000.0,292.0,76.0,5368.0
1.0,20.0,1.0,1.0,0.0,,1.0,0.0,0.0,970.0,34.0,15.0,1019.0
1.0,160.0,3.0,2.0,1.0,,1.0,0.0,0.0,4700.0,0.0,71.0,4771.0
1.0,90.0,3.0,1.0,1.0,,1.0,0.0,0.0,3915.0,0.0,59.0,3974.0
1.0,400.0,3.0,2.0,3.0,,1.0,0.0,0.0,5500.0,1084.0,83.0,6667.0
1.0,45.0,2.0,2.0,0.0,,0.0,0.0,0.0,1630.0,84.0,25.0,1739.0
1.0,233.0,4.0,3.0,4.0,,1.0,0.0,1805.0,14300.0,952.0,215.0,17270.0
1.0,301.0,3.0,4.0,4.0,,1.0,0.0,0.0,8000.0,2917.0,121.0,11040.0
1.0,350.0,6.0,4.0,1.0,,1.0,0.0,,9000.0,742.0,136.0,9878.0
1.0,170.0,3.0,2.0,3.0,,1.0,0.0,,5000.0,0.0,76.0,5076.0
1.0,50.0,2.0,3.0,0.0,,0.0,0.0,0.0,1740.0,84.0,27.0,1851.0
0.0,341.0,4.0,6.0,4.0,,1.0,0.0,660.0,13000.0,608.0,196.0,14460.0
1.0,100.0,3.0,2.0,1.0,,0.0,0.0,0.0,2400.0,227.0,37.0,2664.0
1.0,250.0,3.0,4.0,3.0,,1.0,0.0,,2830.0,600.0,43.0,3473.0
1.0,100.0,3.0,2.0,1.0,,1.0,0.0,0.0,1700.0,30.0,26.0,1756.0
0.0,110.0,3.0,3.0,2.0,,1.0,0.0,560.0,3200.0,88.0,49.0,3897.0
1.0,300.0,4.0,2.0,3.0,,1.0,0.0,0.0,7182.0,709.0,108.0,7999.0
1.0,300.0,5.0,5.0,4.0,,1.0,1.0,0.0,6500.0,525.0,98.0,7123.0
1.0,178.0,3.0,2.0,1.0,,1.0,1.0,0.0,3500.0,130.0,53.0,3683.0
1.0,102.0,3.0,2.0,2.0,,1.0,0.0,0.0,1600.0,0.0,25.0,1625.0
1.0,62.0,1.0,1.0,1.0,,0.0,0.0,0.0,1300.0,9.0,20.0,1329.0
0.0,67.0,2.0,1.0,0.0,,1.0,0.0,0.0,880.0,41.0,14.0,935.0
1.0,140.0,3.0,2.0,1.0,,1.0,0.0,0.0,3825.0,0.0,58.0,3883.0
1.0,330.0,2.0,3.0,2.0,,0.0,0.0,0.0,2800.0,732.0,43.0,3575.0
1.0,700.0,5.0,7.0,5.0,,1.0,0.0,0.0,14500.0,6799.0,218.0,21520.0
1.0,45.0,2.0,2.0,0.0,,0.0,0.0,0.0,1650.0,84.0,25.0,1759.0
1.0,720.0,4.0,5.0,4.0,,1.0,0.0,0.0,12000.0,3200.0,181.0,15380.0
1.0,260.0,5.0,3.0,0.0,,1.0,0.0,0.0,5500.0,600.0,83.0,6183.0
0.0,154.0,2.0,2.0,1.0,,1.0,0.0,0.0,1300.0,109.0,20.0,1429.0
1.0,270.0,4.0,4.0,4.0,,1.0,1.0,0.0,8840.0,667.0,133.0,9640.0
0.0,500.0,6.0,5.0,8.0,,1.0,0.0,0.0,8000.0,625.0,121.0,8746.0
0.0,340.0,4.0,5.0,0.0,,0.0,0.0,800.0,4000.0,334.0,61.0,5195.0
1.0,205.0,3.0,3.0,3.0,,1.0,0.0,0.0,5525.0,575.0,84.0,6184.0
1.0,30.0,1.0,1.0,0.0,,0.0,0.0,,1200.0,0.0,19.0,1219.0
1.0,334.0,3.0,3.0,8.0,,1.0,0.0,0.0,8600.0,209.0,130.0,8939.0
1.0,999.0,5.0,7.0,4.0,,0.0,0.0,100.0,15000.0,459.0,226.0,15790.0
1.0,384.0,3.0,3.0,4.0,,0.0,0.0,0.0,11400.0,1142.0,172.0,12710.0
1.0,180.0,3.0,3.0,0.0,,1.0,0.0,0.0,13000.0,715.0,196.0,13910.0
1.0,450.0,4.0,5.0,2.0,,0.0,1.0,0.0,15000.0,1400.0,226.0,16630.0
1.0,60.0,2.0,2.0,0.0,,1.0,0.0,0.0,1300.0,0.0,20.0,1320.0
1.0,80.0,2.0,2.0,0.0,,1.0,0.0,0.0,2000.0,134.0,31.0,2165.0
1.0,100.0,3.0,2.0,2.0,,0.0,0.0,0.0,1600.0,150.0,25.0,1775.0
1.0,800.0,4.0,2.0,6.0,,1.0,1.0,0.0,15000.0,1667.0,226.0,16890.0
1.0,500.0,7.0,4.0,3.0,,1.0,1.0,0.0,14000.0,785.0,211.0,15000.0
1.0,55.0,2.0,1.0,1.0,,1.0,0.0,0.0,1200.0,122.0,19.0,1341.0
0.0,120.0,1.0,2.0,1.0,,1.0,0.0,0.0,1112.0,0.0,17.0,1129.0
1.0,50.0,2.0,1.0,0.0,,1.0,0.0,0.0,1115.0,42.0,15.0,1172.0
1.0,240.0,3.0,4.0,3.0,,1.0,0.0,0.0,6000.0,325.0,91.0,6416.0
1.0,41.0,3.0,2.0,1.0,1.0,0.0,1.0,,6500.0,0.0,83.0,6583.0
0.0,110.0,3.0,3.0,2.0,,1.0,0.0,560.0,3700.0,88.0,56.0,4404.0
1.0,720.0,4.0,6.0,5.0,,1.0,1.0,0.0,12750.0,2613.0,192.0,15560.0
0.0,23.0,1.0,1.0,0.0,,0.0,1.0,0.0,990.0,0.0,13.0,1003.0
1.0,35.0,1.0,1.0,0.0,,1.0,0.0,0.0,1100.0,30.0,14.0,1144.0
1.0,450.0,4.0,6.0,4.0,,1.0,0.0,0.0,10000.0,750.0,127.0,10880.0
1.0,120.0,4.0,2.0,2.0,,0.0,0.0,0.0,5000.0,150.0,76.0,5226.0
1.0,500.0,5.0,4.0,6.0,,1.0,0.0,0.0,13000.0,250.0,196.0,13450.0
1.0,280.0,4.0,4.0,8.0,,1.0,0.0,,7320.0,688.0,111.0,8119.0
1.0,80.0,3.0,4.0,1.0,,1.0,0.0,,3000.0,0.0,46.0,3046.0
1.0,400.0,5.0,4.0,3.0,,1.0,0.0,0.0,4500.0,250.0,68.0,4818.0
1.0,20.0,1.0,1.0,0.0,,1.0,1.0,602.0,1800.0,130.0,23.0,2555.0
1.0,50.0,1.0,1.0,0.0,,1.0,0.0,0.0,1400.0,1.0,22.0,1423.0
1.0,200.0,3.0,2.0,3.0,,1.0,0.0,0.0,3600.0,251.0,55.0,3906.0
1.0,600.0,4.0,5.0,6.0,,1.0,0.0,0.0,12000.0,9500.0,181.0,21680.0
0.0,800.0,4.0,7.0,4.0,,1.0,0.0,2100.0,15000.0,1898.0,226.0,19220.0
1.0,175.0,1.0,1.0,2.0,,1.0,0.0,,1600.0,167.0,25.0,1792.0
1.0,380.0,4.0,6.0,1.0,,0.0,1.0,0.0,10840.0,334.0,163.0,11330.0
1.0,267.0,3.0,6.0,6.0,,1.0,0.0,0.0,4800.0,470.0,73.0,5343.0
1.0,600.0,4.0,5.0,8.0,,1.0,1.0,0.0,9300.0,750.0,140.0,10190.0
1.0,100.0,2.0,2.0,2.0,,1.0,0.0,0.0,2000.0,0.0,31.0,2031.0
1.0,400.0,4.0,2.0,8.0,,1.0,0.0,,7200.0,117.0,109.0,7426.0
1.0,300.0,4.0,3.0,3.0,,1.0,0.0,0.0,4000.0,283.0,61.0,4344.0
0.0,600.0,3.0,3.0,4.0,,1.0,0.0,0.0,5500.0,384.0,83.0,5967.0
1.0,360.0,4.0,4.0,3.0,,0.0,0.0,0.0,8000.0,750.0,121.0,8871.0
1.0,125.0,2.0,2.0,1.0,,1.0,1.0,0.0,3600.0,392.0,55.0,4047.0
1.0,19.0,1.0,1.0,0.0,,0.0,0.0,0.0,1200.0,41.0,16.0,1257.0
1.0,127.0,2.0,2.0,3.0,,1.0,0.0,0.0,2600.0,133.0,40.0,2773.0
1.0,150.0,4.0,3.0,3.0,,1.0,0.0,0.0,7500.0,109.0,113.0,7722.0
1.0,395.0,4.0,5.0,3.0,,1.0,0.0,0.0,6000.0,122.0,91.0,6213.0
1.0,120.0,1.0,2.0,0.0,,1.0,0.0,0.0,761.0,129.0,10.0,900.0
0.0,150.0,4.0,3.0,4.0,,0.0,0.0,750.0,4000.0,334.0,61.0,5145.0
1.0,500.0,4.0,6.0,4.0,,1.0,0.0,0.0,13000.0,2200.0,196.0,15400.0
1.0,105.0,2.0,1.0,0.0,,1.0,0.0,0.0,1555.0,0.0,24.0,1579.0
0.0,359.0,4.0,5.0,8.0,,1.0,0.0,,6000.0,443.0,91.0,6534.0
1.0,488.0,4.0,3.0,3.0,,1.0,0.0,14130.0,6400.0,1214.0,82.0,21820.0
0.0,110.0,3.0,1.0,2.0,,1.0,0.0,0.0,1900.0,64.0,29.0,1993.0
1.0,40.0,1.0,1.0,0.0,,0.0,0.0,0.0,1040.0,0.0,16.0,1056.0
1.0,280.0,3.0,3.0,4.0,,1.0,0.0,0.0,6520.0,834.0,99.0,7453.0
1.0,440.0,6.0,7.0,0.0,,1.0,0.0,0.0,5950.0,2320.0,90.0,8360.0
1.0,195.0,3.0,4.0,3.0,,1.0,0.0,0.0,8500.0,59.0,128.0,8687.0
1.0,190.0,3.0,2.0,1.0,,1.0,0.0,0.0,3700.0,0.0,56.0,3756.0
1.0,250.0,3.0,4.0,3.0,,0.0,0.0,0.0,3740.0,234.0,57.0,4031.0
1.0,130.0,3.0,3.0,3.0,,1.0,0.0,0.0,4000.0,146.0,61.0,4207.0
1.0,50.0,2.0,1.0,0.0,,0.0,0.0,0.0,900.0,50.0,14.0,964.0
1.0,196.0,3.0,3.0,4.0,,1.0,0.0,0.0,3300.0,280.0,50.0,3630.0
1.0,400.0,3.0,4.0,4.0,,1.0,1.0,0.0,15000.0,0.0,226.0,15230.0
1.0,250.0,4.0,3.0,2.0,,0.0,0.0,0.0,10000.0,0.0,151.0,10150.0
1.0,40.0,1.0,1.0,0.0,,1.0,0.0,0.0,1100.0,50.0,17.0,1167.0
1.0,650.0,3.0,7.0,2.0,,1.0,0.0,0.0,9900.0,600.0,149.0,10650.0
1.0,100.0,2.0,1.0,0.0,,1.0,0.0,538.0,3860.0,0.0,49.0,4447.0
1.0,170.0,3.0,2.0,1.0,,1.0,0.0,0.0,2050.0,148.0,31.0,2229.0
1.0,320.0,3.0,4.0,3.0,,1.0,0.0,0.0,12000.0,2250.0,181.0,14430.0
1.0,225.0,2.0,2.0,3.0,,1.0,0.0,0.0,4800.0,450.0,73.0,5323.0
1.0,160.0,4.0,4.0,5.0,,1.0,0.0,0.0,4500.0,0.0,68.0,4568.0
1.0,145.0,2.0,2.0,1.0,,1.0,0.0,0.0,2975.0,190.0,45.0,3210.0
1.0,260.0,2.0,5.0,5.0,,1.0,0.0,0.0,8000.0,1417.0,121.0,9538.0
1.0,276.0,4.0,5.0,4.0,,1.0,0.0,0.0,4900.0,183.0,74.0,5157.0
1.0,350.0,4.0,2.0,8.0,,1.0,0.0,0.0,7000.0,450.0,106.0,7556.0
1.0,127.0,3.0,2.0,2.0,,1.0,1.0,220.0,2150.0,67.0,33.0,2470.0
1.0,150.0,3.0,2.0,2.0,,1.0,0.0,0.0,2220.0,150.0,34.0,2404.0
1.0,252.0,3.0,4.0,1.0,,1.0,0.0,0.0,12000.0,1233.0,181.0,13410.0
1.0,80.0,2.0,2.0,2.0,,1.0,0.0,50.0,1700.0,177.0,26.0,1953.0
1.0,80.0,3.0,1.0,0.0,,0.0,0.0,0.0,2837.0,342.0,36.0,3215.0
1.0,120.0,2.0,3.0,2.0,,1.0,0.0,0.0,5400.0,0.0,82.0,5482.0
0.0,150.0,3.0,2.0,4.0,,1.0,1.0,0.0,3500.0,186.0,53.0,3739.0
1.0,350.0,7.0,4.0,2.0,,1.0,0.0,0.0,4600.0,292.0,70.0,4962.0
0.0,120.0,2.0,1.0,4.0,,1.0,0.0,0.0,2400.0,59.0,37.0,2496.0
1.0,90.0,2.0,2.0,1.0,,1.0,0.0,0.0,2200.0,0.0,34.0,2234.0
1.0,342.0,5.0,6.0,5.0,,0.0,0.0,0.0,6000.0,422.0,91.0,6513.0
1.0,250.0,3.0,3.0,3.0,,1.0,0.0,0.0,4600.0,0.0,70.0,4670.0
1.0,650.0,4.0,6.0,6.0,,1.0,0.0,0.0,8500.0,1600.0,128.0,10230.0
1.0,50.0,2.0,1.0,0.0,,1.0,0.0,0.0,1200.0,83.0,19.0,1302.0
1.0,40.0,1.0,1.0,0.0,,0.0,0.0,0.0,780.0,17.0,12.0,809.0
1.0,38.0,1.0,1.0,0.0,,0.0,0.0,700.0,1650.0,0.0,25.0,2375.0
0.0,200.0,4.0,5.0,2.0,,0.0,0.0,1000.0,8000.0,84.0,121.0,9205.0
1.0,100.0,3.0,4.0,4.0,,1.0,0.0,,3600.0,160.0,55.0,3815.0
1.0,287.0,3.0,3.0,4.0,,1.0,0.0,900.0,4477.0,900.0,68.0,6345.0
1.0,80.0,2.0,2.0,1.0,,0.0,0.0,0.0,1500.0,75.0,23.0,1598.0
1.0,250.0,3.0,2.0,2.0,,1.0,1.0,0.0,6000.0,0.0,91.0,6091.0
1.0,200.0,3.0,3.0,2.0,,0.0,0.0,0.0,2800.0,186.0,43.0,3029.0
0.0,445.0,4.0,4.0,0.0,,1.0,0.0,0.0,5500.0,287.0,83.0,5870.0
1.0,130.0,2.0,2.0,2.0,,1.0,1.0,0.0,4400.0,92.0,67.0,4559.0
1.0,400.0,4.0,7.0,4.0,,1.0,1.0,0.0,12000.0,667.0,181.0,12850.0
1.0,160.0,3.0,2.0,0.0,,1.0,0.0,0.0,3800.0,227.0,58.0,4085.0
1.0,450.0,4.0,5.0,8.0,,1.0,0.0,0.0,10120.0,618.0,153.0,10890.0
1.0,750.0,4.0,4.0,6.0,,1.0,0.0,0.0,15000.0,2084.0,226.0,17310.0
1.0,160.0,2.0,3.0,0.0,,1.0,0.0,0.0,4300.0,124.0,65.0,4489.0
1.0,35.0,1.0,1.0,0.0,,1.0,0.0,0.0,1100.0,30.0,14.0,1144.0
1.0,100.0,3.0,2.0,1.0,,1.0,0.0,555.0,1469.0,10.0,19.0,2053.0
1.0,45.0,1.0,1.0,0.0,,0.0,0.0,0.0,1060.0,0.0,16.0,1076.0
1.0,194.0,3.0,4.0,3.0,,1.0,0.0,0.0,4000.0,70.0,61.0,4131.0
1.0,60.0,1.0,2.0,0.0,,0.0,0.0,0.0,1600.0,23.0,25.0,1648.0
1.0,30.0,1.0,1.0,0.0,,0.0,0.0,,850.0,67.0,13.0,930.0
1.0,16.0,1.0,1.0,0.0,,0.0,0.0,0.0,1420.0,0.0,18.0,1438.0
1.0,347.0,4.0,7.0,6.0,,1.0,0.0,0.0,8900.0,1000.0,134.0,10030.0
1.0,180.0,3.0,2.0,3.0,,1.0,0.0,0.0,3500.0,497.0,53.0,4050.0
0.0,650.0,4.0,7.0,5.0,,1.0,0.0,0.0,8000.0,334.0,121.0,8455.0
1.0,320.0,4.0,5.0,4.0,,1.0,0.0,300.0,6500.0,417.0,98.0,7315.0
0.0,90.0,2.0,2.0,4.0,,1.0,0.0,0.0,2400.0,230.0,37.0,2667.0
1.0,900.0,3.0,5.0,8.0,,1.0,0.0,0.0,8000.0,2250.0,121.0,10370.0
1.0,120.0,2.0,1.0,1.0,,0.0,0.0,0.0,3000.0,280.0,46.0,3326.0
1.0,30.0,1.0,1.0,0.0,,0.0,0.0,0.0,765.0,59.0,12.0,836.0
1.0,296.0,4.0,5.0,2.0,,1.0,0.0,0.0,8500.0,1000.0,128.0,9628.0
1.0,95.0,3.0,2.0,0.0,,1.0,0.0,0.0,2300.0,125.0,35.0,2460.0
1.0,22.0,1.0,1.0,0.0,,1.0,0.0,,976.0,0.0,15.0,991.0
1.0,442.0,5.0,6.0,6.0,,1.0,0.0,0.0,7500.0,1301.0,113.0,8914.0
1.0,18.0,1.0,1.0,0.0,,1.0,0.0,0.0,1720.0,0.0,22.0,1742.0
1.0,321.0,3.0,5.0,2.0,,1.0,1.0,0.0,8268.0,1072.0,125.0,9465.0
1.0,400.0,10.0,9.0,8.0,,1.0,0.0,0.0,8330.0,550.0,126.0,9006.0
1.0,392.0,4.0,4.0,4.0,,1.0,0.0,0.0,10000.0,1250.0,151.0,11400.0
1.0,250.0,2.0,1.0,0.0,,1.0,0.0,,1500.0,9.0,23.0,1532.0
1.0,45.0,2.0,2.0,0.0,,0.0,0.0,0.0,1650.0,84.0,25.0,1759.0
1.0,250.0,4.0,3.0,0.0,,1.0,0.0,0.0,2000.0,667.0,31.0,2698.0
1.0,398.0,4.0,5.0,4.0,,1.0,0.0,2400.0,15000.0,1084.0,226.0,18710.0
1.0,200.0,3.0,4.0,5.0,,1.0,0.0,0.0,3500.0,242.0,53.0,3795.0
1.0,309.0,4.0,5.0,3.0,,1.0,0.0,0.0,12000.0,734.0,181.0,12920.0
1.0,100.0,3.0,2.0,2.0,,1.0,0.0,0.0,5500.0,500.0,83.0,6083.0
1.0,50.0,2.0,2.0,0.0,,0.0,0.0,0.0,1100.0,80.0,17.0,1197.0
1.0,250.0,3.0,3.0,4.0,,1.0,1.0,250.0,6500.0,309.0,98.0,7157.0
1.0,100.0,1.0,1.0,0.0,,1.0,0.0,0.0,2150.0,267.0,33.0,2450.0
1.0,256.0,3.0,3.0,2.0,,0.0,0.0,0.0,5600.0,2417.0,85.0,8102.0
1.0,124.0,3.0,3.0,2.0,,1.0,0.0,0.0,4000.0,92.0,61.0,4153.0
0.0,650.0,4.0,4.0,8.0,,1.0,0.0,0.0,7500.0,200.0,113.0,7813.0
1.0,220.0,3.0,4.0,2.0,,0.0,0.0,0.0,3500.0,276.0,53.0,3829.0
1.0,130.0,2.0,2.0,0.0,,1.0,0.0,0.0,2700.0,100.0,41.0,2841.0
1.0,277.0,3.0,4.0,0.0,,0.0,0.0,2580.0,7200.0,0.0,109.0,9889.0
0.0,420.0,5.0,7.0,3.0,,1.0,1.0,1237.0,8500.0,816.0,128.0,10680.0
1.0,40.0,1.0,1.0,0.0,,0.0,0.0,0.0,780.0,17.0,12.0,809.0
1.0,50.0,2.0,3.0,0.0,,0.0,0.0,0.0,1740.0,84.0,27.0,1851.0
1.0,22.0,1.0,1.0,0.0,,0.0,0.0,0.0,976.0,0.0,15.0,991.0
1.0,70.0,4.0,3.0,0.0,,1.0,0.0,0.0,3500.0,270.0,53.0,3823.0
0.0,110.0,3.0,3.0,2.0,,1.0,0.0,560.0,3200.0,88.0,49.0,3897.0
1.0,50.0,2.0,1.0,0.0,,1.0,0.0,0.0,1200.0,42.0,19.0,1261.0
1.0,200.0,3.0,3.0,4.0,,1.0,0.0,0.0,7000.0,425.0,106.0,7531.0
1.0,100.0,3.0,2.0,1.0,,1.0,0.0,0.0,3300.0,500.0,50.0,3850.0
0.0,48.0,2.0,1.0,1.0,,1.0,0.0,250.0,1200.0,40.0,16.0,1506.0
0.0,155.0,3.0,3.0,2.0,,1.0,0.0,960.0,5500.0,15.0,83.0,6558.0
1.0,55.0,1.0,1.0,0.0,,1.0,0.0,0.0,1100.0,75.0,17.0,1192.0
0.0,60.0,1.0,1.0,1.0,,1.0,0.0,0.0,950.0,75.0,15.0,1040.0
1.0,78.0,3.0,2.0,2.0,,1.0,0.0,250.0,2000.0,292.0,31.0,2573.0
1.0,80.0,3.0,1.0,0.0,,1.0,0.0,,6000.0,0.0,91.0,6091.0
1.0,50.0,1.0,1.0,1.0,,0.0,0.0,0.0,1600.0,80.0,25.0,1705.0
1.0,110.0,2.0,2.0,2.0,,0.0,0.0,0.0,2530.0,174.0,39.0,2743.0
1.0,280.0,4.0,3.0,6.0,,1.0,1.0,0.0,12500.0,706.0,188.0,13390.0
1.0,336.0,3.0,5.0,3.0,,1.0,1.0,299.0,6000.0,208.0,91.0,6598.0
1.0,125.0,3.0,4.0,5.0,,1.0,0.0,0.0,10000.0,666.0,151.0,10820.0
1.0,60.0,2.0,1.0,0.0,,1.0,0.0,0.0,1100.0,0.0,17.0,1117.0
1.0,110.0,1.0,1.0,1.0,,1.0,0.0,,1300.0,250.0,20.0,1570.0
1.0,60.0,1.0,1.0,1.0,,1.0,0.0,0.0,1250.0,0.0,19.0,1269.0
1.0,169.0,4.0,2.0,3.0,,1.0,0.0,220.0,3900.0,334.0,59.0,4513.0
1.0,160.0,3.0,1.0,1.0,,1.0,0.0,0.0,3000.0,298.0,46.0,3344.0
1.0,160.0,3.0,4.0,3.0,,1.0,1.0,0.0,9350.0,0.0,141.0,9491.0
0.0,62.0,2.0,1.0,1.0,,1.0,0.0,370.0,1100.0,12.0,14.0,1496.0
0.0,120.0,4.0,2.0,5.0,,1.0,0.0,0.0,4200.0,0.0,64.0,4264.0
1.0,380.0,4.0,4.0,6.0,,1.0,0.0,0.0,6000.0,417.0,91.0,6508.0
0.0,160.0,3.0,2.0,0.0,,1.0,0.0,0.0,1650.0,117.0,25.0,1792.0
1.0,170.0,3.0,3.0,2.0,,1.0,0.0,0.0,5000.0,242.0,76.0,5318.0
1.0,80.0,2.0,2.0,1.0,,0.0,0.0,0.0,1500.0,184.0,23.0,1707.0
1.0,50.0,1.0,1.0,0.0,,0.0,0.0,,1200.0,0.0,19.0,1219.0
1.0,60.0,1.0,1.0,0.0,,1.0,0.0,0.0,2000.0,0.0,31.0,2031.0
1.0,70.0,1.0,1.0,0.0,,0.0,0.0,0.0,900.0,0.0,14.0,914.0
1.0,96.0,4.0,2.0,2.0,,1.0,0.0,0.0,3950.0,412.0,60.0,4422.0
1.0,180.0,3.0,3.0,4.0,,1.0,0.0,0.0,3700.0,184.0,56.0,3940.0
1.0,120.0,3.0,2.0,2.0,,1.0,0.0,0.0,2000.0,323.0,31.0,2354.0
1.0,151.0,4.0,3.0,3.0,,1.0,0.0,0.0,3000.0,139.0,46.0,3185.0
1.0,380.0,4.0,2.0,0.0,,1.0,0.0,0.0,8000.0,0.0,121.0,8121.0
0.0,51.0,3.0,1.0,1.0,,1.0,0.0,246.0,1100.0,68.0,14.0,1428.0
1.0,80.0,3.0,3.0,0.0,,1.0,1.0,0.0,2000.0,459.0,31.0,2490.0
1.0,327.0,5.0,4.0,5.0,,1.0,0.0,0.0,11000.0,2000.0,166.0,13170.0
1.0,85.0,2.0,1.0,1.0,,1.0,0.0,0.0,1608.0,143.0,15.0,1766.0
1.0,280.0,4.0,3.0,4.0,,1.0,0.0,0.0,3500.0,403.0,53.0,3956.0
1.0,126.0,3.0,1.0,2.0,,1.0,0.0,0.0,4200.0,299.0,64.0,4563.0
1.0,280.0,4.0,4.0,7.0,,1.0,1.0,890.0,4000.0,278.0,61.0,5229.0
1.0,400.0,7.0,7.0,0.0,,1.0,0.0,0.0,14000.0,1667.0,211.0,15880.0
1.0,300.0,4.0,3.0,8.0,,1.0,0.0,0.0,4500.0,667.0,68.0,5235.0
1.0,79.0,2.0,1.0,0.0,,1.0,0.0,0.0,2100.0,218.0,27.0,2345.0
1.0,220.0,4.0,2.0,3.0,,1.0,1.0,0.0,5200.0,705.0,79.0,5984.0
1.0,320.0,3.0,5.0,8.0,,0.0,0.0,0.0,9000.0,567.0,136.0,9703.0
1.0,190.0,2.0,1.0,2.0,,1.0,1.0,0.0,4500.0,385.0,68.0,4953.0
1.0,300.0,3.0,4.0,6.0,,1.0,0.0,0.0,3200.0,167.0,49.0,3416.0
1.0,150.0,3.0,2.0,1.0,,1.0,0.0,0.0,4500.0,110.0,68.0,4678.0
0.0,500.0,4.0,7.0,4.0,,1.0,0.0,500.0,5900.0,775.0,89.0,7264.0
1.0,215.0,3.0,1.0,3.0,,1.0,0.0,0.0,7000.0,417.0,106.0,7523.0
1.0,500.0,7.0,7.0,8.0,,0.0,1.0,,9000.0,1667.0,136.0,10800.0
1.0,200.0,3.0,4.0,2.0,,1.0,0.0,0.0,6500.0,209.0,98.0,6807.0
1.0,170.0,3.0,3.0,2.0,,1.0,0.0,0.0,4850.0,334.0,73.0,5257.0
0.0,110.0,3.0,3.0,2.0,,1.0,0.0,560.0,3200.0,88.0,49.0,3897.0
1.0,47.0,1.0,1.0,0.0,,0.0,0.0,100.0,1000.0,76.0,13.0,1189.0
1.0,80.0,1.0,1.0,1.0,,1.0,0.0,0.0,1150.0,75.0,18.0,1243.0
0.0,35.0,1.0,1.0,1.0,,0.0,1.0,,1000.0,0.0,16.0,1016.0
1.0,100.0,2.0,2.0,0.0,,1.0,0.0,0.0,1765.0,0.0,27.0,1792.0
1.0,272.0,5.0,5.0,2.0,,1.0,0.0,0.0,11000.0,917.0,166.0,12080.0
1.0,260.0,4.0,4.0,4.0,,1.0,0.0,0.0,14000.0,1834.0,211.0,16050.0
1.0,130.0,3.0,2.0,2.0,,1.0,0.0,0.0,5100.0,183.0,77.0,5360.0
1.0,400.0,4.0,3.0,3.0,,1.0,0.0,0.0,7000.0,900.0,106.0,8006.0
1.0,140.0,3.0,2.0,1.0,,1.0,1.0,,8200.0,0.0,124.0,8324.0
1.0,130.0,3.0,4.0,4.0,,1.0,0.0,1100.0,3280.0,484.0,50.0,4914.0
1.0,138.0,3.0,3.0,3.0,,1.0,1.0,0.0,3900.0,145.0,59.0,4104.0
0.0,206.0,5.0,3.0,2.0,,1.0,0.0,0.0,3500.0,189.0,53.0,3742.0
1.0,300.0,2.0,2.0,0.0,,1.0,1.0,0.0,3500.0,292.0,53.0,3845.0
1.0,200.0,1.0,2.0,0.0,,1.0,0.0,0.0,8000.0,700.0,121.0,8821.0
1.0,200.0,1.0,3.0,2.0,,0.0,0.0,0.0,3000.0,321.0,46.0,3367.0
1.0,56.0,2.0,1.0,0.0,,1.0,0.0,200.0,1400.0,0.0,10.0,1610.0
1.0,120.0,3.0,3.0,2.0,,1.0,0.0,0.0,2750.0,125.0,42.0,2917.0
1.0,250.0,5.0,4.0,3.0,,1.0,0.0,,3680.0,666.0,56.0,4402.0
1.0,300.0,2.0,1.0,2.0,,1.0,0.0,0.0,2800.0,350.0,43.0,3193.0
0.0,130.0,3.0,2.0,1.0,,1.0,0.0,0.0,1300.0,250.0,20.0,1570.0
1.0,55.0,1.0,1.0,0.0,,1.0,0.0,0.0,1650.0,0.0,25.0,1675.0
1.0,110.0,3.0,2.0,1.0,,1.0,0.0,,3200.0,0.0,49.0,3249.0
1.0,70.0,2.0,2.0,0.0,,0.0,0.0,0.0,1500.0,0.0,23.0,1523.0
1.0,438.0,5.0,6.0,5.0,,0.0,0.0,0.0,12000.0,817.0,181.0,13000.0
0.0,380.0,4.0,6.0,6.0,,0.0,0.0,0.0,4100.0,269.0,62.0,4431.0
1.0,170.0,3.0,3.0,2.0,,1.0,0.0,0.0,2750.0,100.0,42.0,2892.0
1.0,350.0,4.0,4.0,4.0,,1.0,0.0,0.0,13000.0,1417.0,196.0,14610.0
1.0,70.0,2.0,1.0,0.0,,0.0,0.0,0.0,1210.0,59.0,19.0,1288.0
1.0,90.0,2.0,1.0,1.0,,1.0,0.0,0.0,2735.0,19.0,42.0,2796.0
1.0,100.0,2.0,2.0,0.0,,1.0,0.0,0.0,2500.0,220.0,38.0,2758.0
1.0,162.0,3.0,4.0,0.0,,1.0,0.0,0.0,3200.0,267.0,49.0,3516.0
1.0,165.0,4.0,3.0,2.0,,1.0,0.0,,5000.0,46.0,76.0,5122.0
1.0,180.0,3.0,3.0,1.0,,0.0,0.0,0.0,3000.0,117.0,46.0,3163.0
1.0,200.0,5.0,2.0,3.0,,1.0,0.0,0.0,4800.0,300.0,73.0,5173.0
1.0,290.0,6.0,3.0,4.0,,1.0,0.0,0.0,8000.0,1525.0,121.0,9646.0
0.0,280.0,4.0,3.0,3.0,,1.0,0.0,0.0,2167.0,169.0,33.0,2369.0
1.0,225.0,4.0,3.0,2.0,,1.0,0.0,0.0,3400.0,132.0,52.0,3584.0
1.0,70.0,2.0,1.0,2.0,,0.0,0.0,0.0,1400.0,85.0,22.0,1507.0
1.0,19.0,1.0,1.0,0.0,,0.0,0.0,0.0,1200.0,41.0,16.0,1257.0
1.0,50.0,1.0,1.0,0.0,,0.0,0.0,0.0,1200.0,0.0,19.0,1219.0
1.0,336.0,4.0,4.0,6.0,,1.0,0.0,0.0,7677.0,950.0,116.0,8743.0
1.0,150.0,2.0,2.0,2.0,,1.0,0.0,0.0,6000.0,667.0,91.0,6758.0
0.0,200.0,3.0,2.0,3.0,,1.0,0.0,0.0,3000.0,125.0,46.0,3171.0
1.0,35.0,1.0,1.0,0.0,,1.0,0.0,0.0,1150.0,30.0,15.0,1195.0
1.0,35.0,1.0,1.0,0.0,,1.0,0.0,0.0,900.0,11.0,14.0,925.0
1.0,300.0,3.0,2.0,5.0,,1.0,0.0,0.0,11500.0,2000.0,173.0,13670.0
1.0,520.0,3.0,4.0,8.0,,0.0,0.0,0.0,10000.0,1008.0,151.0,11160.0
1.0,160.0,3.0,1.0,2.0,,1.0,0.0,0.0,5000.0,225.0,76.0,5301.0
1.0,72.0,2.0,2.0,1.0,,1.0,0.0,700.0,3536.0,0.0,28.0,4264.0
1.0,120.0,3.0,2.0,2.0,,1.0,0.0,0.0,6400.0,547.0,97.0,7044.0
1.0,70.0,2.0,1.0,0.0,,1.0,0.0,0.0,1300.0,70.0,20.0,1390.0
1.0,350.0,3.0,5.0,5.0,,1.0,0.0,0.0,5500.0,675.0,83.0,6258.0
0.0,70.0,1.0,1.0,2.0,,1.0,0.0,0.0,1450.0,5.0,22.0,1477.0
1.0,220.0,6.0,2.0,2.0,,1.0,0.0,0.0,4500.0,125.0,68.0,4693.0
0.0,110.0,3.0,3.0,2.0,,1.0,0.0,560.0,3200.0,88.0,49.0,3897.0
1.0,190.0,4.0,4.0,2.0,,0.0,0.0,0.0,4450.0,223.0,67.0,4740.0
1.0,115.0,2.0,1.0,0.0,,1.0,0.0,0.0,1550.0,0.0,24.0,1574.0
1.0,20.0,1.0,1.0,0.0,,1.0,1.0,602.0,1800.0,130.0,23.0,2555.0
0.0,200.0,3.0,3.0,3.0,,1.0,0.0,0.0,2000.0,166.0,31.0,2197.0
1.0,44.0,1.0,1.0,0.0,,0.0,0.0,0.0,1250.0,19.0,19.0,1288.0
0.0,60.0,2.0,1.0,1.0,,1.0,0.0,0.0,1300.0,180.0,20.0,1500.0
1.0,70.0,2.0,2.0,4.0,,1.0,0.0,0.0,3000.0,190.0,46.0,3236.0
1.0,220.0,3.0,3.0,3.0,,1.0,1.0,0.0,2800.0,250.0,43.0,3093.0
1.0,400.0,4.0,4.0,3.0,,1.0,0.0,,10000.0,2707.0,151.0,12860.0
1.0,320.0,3.0,3.0,2.0,,1.0,0.0,0.0,7200.0,600.0,109.0,7909.0
1.0,360.0,4.0,5.0,5.0,,1.0,1.0,0.0,9600.0,584.0,145.0,10330.0
1.0,60.0,2.0,1.0,0.0,,1.0,1.0,0.0,1450.0,0.0,22.0,1472.0
1.0,50.0,2.0,1.0,0.0,,0.0,0.0,,3100.0,0.0,40.0,3140.0
1.0,560.0,4.0,4.0,0.0,,1.0,1.0,0.0,10970.0,2917.0,165.0,14050.0
1.0,420.0,3.0,5.0,5.0,,1.0,0.0,0.0,8200.0,1084.0,124.0,9408.0
1.0,65.0,2.0,2.0,1.0,,1.0,0.0,0.0,2040.0,0.0,31.0,2071.0
1.0,150.0,2.0,1.0,2.0,,1.0,0.0,0.0,5500.0,0.0,83.0,5583.0
1.0,510.0,4.0,3.0,5.0,,1.0,0.0,0.0,10000.0,517.0,151.0,10670.0
1.0,320.0,4.0,6.0,4.0,,1.0,0.0,0.0,6000.0,675.0,91.0,6766.0
1.0,70.0,2.0,1.0,0.0,,0.0,0.0,0.0,1300.0,0.0,20.0,1320.0
1.0,550.0,5.0,6.0,4.0,,1.0,0.0,0.0,15000.0,1119.0,226.0,16350.0
1.0,270.0,4.0,3.0,3.0,,1.0,0.0,0.0,10900.0,392.0,164.0,11460.0
1.0,239.0,3.0,3.0,3.0,,1.0,0.0,0.0,7000.0,177.0,106.0,7283.0
1.0,150.0,2.0,3.0,3.0,,1.0,0.0,0.0,5000.0,0.0,76.0,5076.0
1.0,210.0,3.0,2.0,2.0,,1.0,1.0,0.0,3500.0,101.0,53.0,3654.0
1.0,100.0,2.0,1.0,0.0,,1.0,0.0,0.0,1460.0,84.0,22.0,1566.0
1.0,150.0,3.0,1.0,2.0,,1.0,0.0,,3600.0,334.0,55.0,3989.0
1.0,80.0,2.0,1.0,0.0,,1.0,0.0,0.0,2200.0,0.0,34.0,2234.0
1.0,38.0,1.0,1.0,0.0,,0.0,0.0,,1650.0,0.0,25.0,1675.0
1.0,98.0,3.0,3.0,2.0,,1.0,0.0,0.0,2500.0,0.0,38.0,2538.0
0.0,420.0,4.0,5.0,4.0,,1.0,0.0,600.0,7225.0,584.0,109.0,8518.0
1.0,96.0,1.0,1.0,1.0,,1.0,0.0,0.0,3500.0,274.0,53.0,3827.0
0.0,570.0,4.0,6.0,5.0,,1.0,0.0,0.0,12000.0,817.0,181.0,13000.0
1.0,167.0,3.0,1.0,0.0,,1.0,0.0,0.0,1500.0,0.0,23.0,1523.0
1.0,400.0,4.0,5.0,3.0,,0.0,0.0,0.0,15000.0,0.0,191.0,15190.0
1.0,300.0,5.0,3.0,1.0,,1.0,0.0,0.0,10000.0,0.0,151.0,10150.0
1.0,80.0,2.0,1.0,2.0,,1.0,0.0,0.0,1569.0,0.0,24.0,1593.0
1.0,400.0,3.0,4.0,4.0,,1.0,0.0,0.0,4172.0,760.0,63.0,4995.0
1.0,70.0,1.0,1.0,0.0,,1.0,0.0,,1400.0,16.0,22.0,1438.0
1.0,300.0,3.0,3.0,2.0,,1.0,0.0,0.0,6000.0,197.0,91.0,6288.0
1.0,40.0,1.0,1.0,0.0,,0.0,0.0,180.0,850.0,41.0,13.0,1084.0
1.0,380.0,5.0,4.0,2.0,,1.0,0.0,0.0,8000.0,1097.0,121.0,9218.0
1.0,190.0,3.0,3.0,3.0,,1.0,0.0,0.0,2950.0,267.0,45.0,3262.0
0.0,55.0,2.0,1.0,1.0,,1.0,0.0,400.0,790.0,24.0,11.0,1225.0
1.0,110.0,2.0,2.0,0.0,,0.0,0.0,0.0,1100.0,18.0,17.0,1135.0
1.0,330.0,1.0,3.0,8.0,,1.0,0.0,0.0,3147.0,0.0,48.0,3195.0
1.0,80.0,2.0,2.0,2.0,,1.0,0.0,50.0,2200.0,173.0,34.0,2457.0
1.0,70.0,2.0,1.0,0.0,,0.0,1.0,0.0,1362.0,84.0,21.0,1467.0
1.0,200.0,3.0,4.0,5.0,,1.0,0.0,0.0,5000.0,350.0,76.0,5426.0
1.0,63.0,2.0,3.0,1.0,,1.0,0.0,100.0,1990.0,110.0,30.0,2230.0
0.0,440.0,4.0,4.0,4.0,,1.0,0.0,2200.0,9810.0,737.0,148.0,12900.0
1.0,45.0,2.0,1.0,0.0,,0.0,0.0,0.0,1300.0,109.0,20.0,1429.0
1.0,444.0,4.0,4.0,5.0,,1.0,1.0,0.0,10000.0,584.0,151.0,10740.0
0.0,414.0,4.0,4.0,5.0,,1.0,0.0,0.0,3900.0,506.0,59.0,4465.0
1.0,200.0,3.0,3.0,2.0,,1.0,0.0,0.0,3500.0,292.0,53.0,3845.0
0.0,254.0,3.0,4.0,2.0,,1.0,0.0,0.0,3000.0,251.0,46.0,3297.0
1.0,120.0,2.0,1.0,1.0,,1.0,0.0,0.0,1600.0,167.0,25.0,1792.0
1.0,372.0,5.0,4.0,6.0,,1.0,0.0,0.0,9200.0,1041.0,139.0,10380.0
1.0,160.0,3.0,5.0,2.0,,1.0,0.0,0.0,12000.0,334.0,181.0,12520.0
1.0,80.0,1.0,1.0,1.0,,0.0,0.0,0.0,1300.0,84.0,20.0,1404.0
1.0,80.0,2.0,2.0,1.0,,0.0,0.0,0.0,1556.0,0.0,8.0,1564.0
1.0,132.0,3.0,2.0,3.0,,1.0,0.0,0.0,2500.0,59.0,38.0,2597.0
1.0,270.0,3.0,3.0,1.0,,1.0,1.0,0.0,6500.0,23.0,98.0,6621.0
1.0,180.0,3.0,3.0,3.0,,1.0,0.0,0.0,5000.0,235.0,76.0,5311.0
1.0,280.0,3.0,3.0,7.0,,1.0,0.0,0.0,8670.0,450.0,131.0,9251.0
1.0,65.0,2.0,1.0,0.0,,1.0,0.0,0.0,1800.0,167.0,28.0,1995.0
0.0,180.0,4.0,3.0,2.0,,1.0,0.0,1050.0,4348.0,167.0,66.0,5631.0
1.0,110.0,3.0,2.0,2.0,14.0,1.0,0.0,,3200.0,0.0,41.0,3241.0
1.0,500.0,4.0,4.0,3.0,,1.0,0.0,0.0,9000.0,0.0,136.0,9136.0
1.0,78.0,2.0,1.0,3.0,,1.0,0.0,0.0,1600.0,163.0,25.0,1788.0
1.0,120.0,1.0,1.0,4.0,,1.0,1.0,1.0,3300.0,275.0,50.0,3626.0
1.0,220.0,3.0,3.0,3.0,,1.0,0.0,0.0,3700.0,324.0,56.0,4080.0
1.0,300.0,5.0,6.0,2.0,,0.0,0.0,0.0,8000.0,800.0,121.0,8921.0
1.0,174.0,3.0,1.0,1.0,,1.0,0.0,0.0,3300.0,236.0,50.0,3586.0
1.0,100.0,3.0,1.0,4.0,,1.0,0.0,0.0,2125.0,226.0,32.0,2383.0
1.0,90.0,2.0,1.0,0.0,,1.0,0.0,0.0,1800.0,280.0,28.0,2108.0
1.0,281.0,4.0,4.0,8.0,,1.0,1.0,,10000.0,847.0,151.0,11000.0
1.0,350.0,3.0,4.0,4.0,,1.0,0.0,0.0,3100.0,2900.0,47.0,6047.0
0.0,396.0,4.0,6.0,3.0,,1.0,0.0,0.0,6200.0,613.0,94.0,6907.0
1.0,120.0,3.0,2.0,3.0,,0.0,0.0,0.0,1990.0,154.0,30.0,2174.0
1.0,700.0,6.0,6.0,6.0,,1.0,0.0,0.0,8500.0,1542.0,128.0,10170.0
1.0,530.0,4.0,4.0,6.0,,1.0,0.0,0.0,9520.0,1334.0,144.0,11000.0
1.0,335.0,3.0,4.0,4.0,,1.0,1.0,0.0,6200.0,650.0,94.0,6944.0
1.0,35.0,1.0,1.0,0.0,,1.0,0.0,0.0,1000.0,42.0,16.0,1058.0
1.0,150.0,3.0,2.0,2.0,,1.0,0.0,0.0,2500.0,0.0,38.0,2538.0
1.0,65.0,2.0,1.0,0.0,,1.0,0.0,0.0,1200.0,34.0,19.0,1253.0
1.0,100.0,7.0,4.0,0.0,,1.0,0.0,0.0,4100.0,118.0,62.0,4280.0
1.0,84.0,2.0,2.0,1.0,,1.0,0.0,0.0,2200.0,0.0,34.0,2234.0
0.0,208.0,3.0,2.0,4.0,,1.0,0.0,0.0,3180.0,100.0,48.0,3328.0
1.0,200.0,3.0,2.0,4.0,,1.0,0.0,0.0,3500.0,500.0,53.0,4053.0
1.0,600.0,3.0,5.0,8.0,,1.0,0.0,0.0,7000.0,748.0,106.0,7854.0
1.0,629.0,4.0,4.0,4.0,,1.0,0.0,0.0,15000.0,2064.0,226.0,17290.0
1.0,100.0,2.0,1.0,0.0,,0.0,0.0,0.0,1100.0,25.0,17.0,1142.0
1.0,75.0,2.0,1.0,1.0,,0.0,0.0,0.0,1500.0,9.0,23.0,1532.0
1.0,400.0,4.0,3.0,3.0,,1.0,0.0,,8000.0,1250.0,121.0,9371.0
0.0,500.0,6.0,6.0,3.0,,1.0,0.0,0.0,10630.0,392.0,160.0,11180.0
1.0,330.0,5.0,3.0,6.0,,1.0,0.0,0.0,10500.0,1667.0,158.0,12330.0
1.0,90.0,2.0,2.0,1.0,,1.0,0.0,0.0,1800.0,0.0,28.0,1828.0
1.0,50.0,1.0,1.0,0.0,,1.0,1.0,464.0,1190.0,114.0,18.0,1786.0
0.0,250.0,1.0,2.0,2.0,,1.0,0.0,0.0,2200.0,602.0,34.0,2836.0
1.0,250.0,3.0,2.0,8.0,,1.0,0.0,0.0,7000.0,472.0,106.0,7578.0
1.0,320.0,5.0,3.0,8.0,,1.0,0.0,0.0,14000.0,917.0,211.0,15130.0
1.0,270.0,3.0,2.0,4.0,,1.0,0.0,0.0,6500.0,1167.0,98.0,7765.0
1.0,144.0,3.0,3.0,2.0,,1.0,1.0,0.0,5000.0,109.0,76.0,5185.0
1.0,65.0,2.0,1.0,1.0,,1.0,0.0,0.0,1600.0,150.0,25.0,1775.0
1.0,250.0,3.0,5.0,4.0,,1.0,0.0,0.0,4600.0,317.0,70.0,4987.0
1.0,250.0,4.0,2.0,6.0,,1.0,0.0,0.0,5000.0,458.0,76.0,5534.0
1.0,378.0,3.0,3.0,3.0,,1.0,0.0,0.0,6000.0,285.0,91.0,6376.0
1.0,200.0,2.0,4.0,1.0,,1.0,0.0,0.0,15000.0,829.0,226.0,16060.0
1.0,250.0,3.0,3.0,2.0,,0.0,1.0,,7000.0,417.0,106.0,7523.0
0.0,110.0,3.0,1.0,1.0,,1.0,0.0,0.0,1500.0,50.0,23.0,1573.0
1.0,150.0,3.0,5.0,3.0,,1.0,1.0,0.0,4500.0,189.0,68.0,4757.0
1.0,67.0,1.0,1.0,0.0,,1.0,0.0,0.0,1300.0,55.0,20.0,1375.0
0.0,150.0,3.0,2.0,1.0,,1.0,0.0,0.0,1320.0,167.0,20.0,1507.0
1.0,200.0,5.0,4.0,5.0,,1.0,0.0,0.0,3300.0,250.0,50.0,3600.0
1.0,24.0,1.0,1.0,1.0,,0.0,0.0,0.0,1390.0,0.0,21.0,1411.0
1.0,45.0,1.0,1.0,1.0,,0.0,0.0,0.0,1600.0,80.0,25.0,1705.0
1.0,352.0,4.0,4.0,4.0,,0.0,1.0,0.0,8600.0,479.0,130.0,9209.0
1.0,249.0,4.0,2.0,2.0,,1.0,0.0,0.0,4300.0,57.0,65.0,4422.0
1.0,800.0,4.0,5.0,8.0,,1.0,0.0,0.0,12000.0,2334.0,181.0,14520.0
1.0,106.0,2.0,1.0,0.0,,1.0,0.0,160.0,2000.0,0.0,26.0,2186.0
1.0,240.0,3.0,2.0,6.0,,1.0,0.0,0.0,4000.0,0.0,61.0,4061.0
1.0,100.0,2.0,1.0,2.0,,0.0,0.0,0.0,3300.0,317.0,50.0,3667.0
1.0,60.0,1.0,1.0,0.0,,1.0,0.0,0.0,800.0,0.0,13.0,813.0
1.0,211.0,2.0,2.0,2.0,,1.0,0.0,1.0,4500.0,752.0,68.0,5321.0
1.0,49.0,2.0,1.0,1.0,,1.0,0.0,400.0,970.0,4.0,13.0,1387.0
1.0,350.0,3.0,4.0,2.0,,1.0,1.0,0.0,7000.0,507.0,106.0,7613.0
1.0,350.0,4.0,5.0,2.0,,1.0,1.0,0.0,15000.0,667.0,226.0,15890.0
1.0,165.0,3.0,4.0,6.0,,1.0,1.0,0.0,4800.0,100.0,73.0,4973.0
1.0,900.0,3.0,4.0,8.0,,1.0,0.0,0.0,20000.0,3813.0,301.0,24110.0
1.0,300.0,4.0,4.0,2.0,,1.0,0.0,0.0,8500.0,267.0,128.0,8895.0
1.0,65.0,2.0,1.0,0.0,,1.0,0.0,,1500.0,84.0,23.0,1607.0
1.0,40.0,1.0,1.0,0.0,,0.0,0.0,0.0,900.0,25.0,14.0,939.0
1.0,30.0,1.0,1.0,0.0,,0.0,0.0,0.0,1850.0,167.0,28.0,2045.0
1.0,50.0,2.0,1.0,2.0,,1.0,0.0,0.0,1550.0,221.0,24.0,1795.0
1.0,35.0,1.0,1.0,0.0,,1.0,0.0,120.0,1300.0,39.0,17.0,1476.0
1.0,50.0,1.0,1.0,0.0,,0.0,0.0,0.0,880.0,17.0,14.0,911.0
1.0,40.0,1.0,1.0,0.0,,0.0,0.0,0.0,1200.0,100.0,19.0,1319.0
1.0,330.0,3.0,6.0,5.0,,1.0,1.0,0.0,7100.0,0.0,107.0,7207.0
1.0,300.0,4.0,5.0,2.0,,1.0,0.0,0.0,4200.0,250.0,64.0,4514.0
0.0,70.0,2.0,2.0,1.0,,1.0,0.0,0.0,1400.0,44.0,22.0,1466.0
1.0,250.0,4.0,5.0,3.0,,1.0,0.0,0.0,5000.0,565.0,76.0,5641.0
1.0,800.0,7.0,7.0,8.0,,1.0,0.0,0.0,9000.0,3000.0,136.0,12140.0
1.0,250.0,3.0,4.0,3.0,,1.0,0.0,0.0,4000.0,430.0,61.0,4491.0
1.0,280.0,3.0,4.0,1.0,,1.0,0.0,1.0,3700.0,100.0,56.0,3857.0
1.0,180.0,3.0,4.0,4.0,,1.0,1.0,0.0,4700.0,2.0,71.0,4773.0
1.0,380.0,3.0,4.0,2.0,,1.0,0.0,0.0,12000.0,959.0,181.0,13140.0
1.0,55.0,1.0,1.0,0.0,,0.0,0.0,0.0,930.0,17.0,14.0,961.0
1.0,320.0,5.0,5.0,3.0,,1.0,1.0,320.0,8000.0,267.0,121.0,8708.0
1.0,350.0,4.0,4.0,2.0,,1.0,0.0,0.0,10000.0,500.0,151.0,10650.0
1.0,230.0,3.0,4.0,1.0,,1.0,0.0,,7000.0,167.0,106.0,7273.0
1.0,104.0,2.0,1.0,0.0,,1.0,0.0,0.0,1600.0,234.0,16.0,1850.0
1.0,18.0,1.0,1.0,0.0,,1.0,0.0,0.0,1720.0,0.0,22.0,1742.0
0.0,268.0,3.0,4.0,4.0,,1.0,0.0,790.0,3500.0,509.0,53.0,4852.0
1.0,25.0,1.0,1.0,0.0,,0.0,0.0,469.0,1210.0,0.0,14.0,1693.0
1.0,72.0,2.0,1.0,1.0,,0.0,0.0,0.0,1740.0,0.0,27.0,1767.0
1.0,120.0,2.0,1.0,1.0,,0.0,0.0,0.0,3500.0,100.0,53.0,3653.0
1.0,100.0,2.0,2.0,4.0,,1.0,0.0,,2600.0,46.0,40.0,2686.0
1.0,350.0,3.0,2.0,4.0,,1.0,0.0,0.0,10200.0,992.0,154.0,11350.0
1.0,800.0,5.0,4.0,6.0,,1.0,1.0,0.0,12000.0,459.0,181.0,12640.0
1.0,500.0,4.0,2.0,8.0,,1.0,0.0,,13050.0,1042.0,197.0,14290.0
1.0,70.0,3.0,2.0,0.0,,1.0,0.0,0.0,1500.0,60.0,23.0,1583.0
0.0,160.0,3.0,1.0,4.0,,0.0,0.0,0.0,3400.0,135.0,52.0,3587.0
1.0,596.0,4.0,5.0,2.0,,1.0,1.0,0.0,15000.0,2620.0,226.0,17850.0
1.0,80.0,2.0,2.0,0.0,,1.0,0.0,0.0,2000.0,459.0,31.0,2490.0
1.0,140.0,3.0,2.0,2.0,,1.0,0.0,,3000.0,2500.0,46.0,5546.0
1.0,70.0,1.0,1.0,1.0,,0.0,0.0,0.0,2529.0,142.0,39.0,2710.0
1.0,350.0,2.0,4.0,8.0,,0.0,0.0,0.0,3300.0,450.0,50.0,3800.0
1.0,60.0,2.0,2.0,2.0,,1.0,0.0,165.0,1950.0,67.0,30.0,2212.0
1.0,385.0,3.0,4.0,3.0,,1.0,0.0,0.0,9000.0,1500.0,136.0,10640.0
1.0,35.0,1.0,1.0,0.0,,1.0,0.0,0.0,1100.0,30.0,14.0,1144.0
1.0,250.0,4.0,3.0,3.0,,0.0,0.0,,13000.0,950.0,196.0,14150.0
1.0,500.0,4.0,5.0,8.0,,1.0,0.0,0.0,15000.0,1850.0,226.0,17080.0
1.0,350.0,4.0,5.0,4.0,,1.0,1.0,4300.0,11000.0,1042.0,166.0,16510.0
1.0,40.0,1.0,1.0,0.0,,1.0,0.0,0.0,850.0,34.0,13.0,897.0
1.0,343.0,4.0,4.0,4.0,,1.0,0.0,0.0,6000.0,1042.0,91.0,7133.0
1.0,380.0,4.0,2.0,6.0,,1.0,0.0,0.0,9800.0,525.0,148.0,10470.0
1.0,100.0,3.0,2.0,4.0,,1.0,0.0,0.0,3880.0,255.0,59.0,4194.0
1.0,200.0,3.0,4.0,3.0,,1.0,0.0,0.0,2710.0,226.0,41.0,2977.0
0.0,120.0,4.0,3.0,8.0,,1.0,0.0,0.0,4500.0,500.0,68.0,5068.0
1.0,510.0,5.0,5.0,5.0,,0.0,1.0,0.0,10000.0,2317.0,151.0,12470.0
1.0,128.0,4.0,5.0,1.0,,1.0,0.0,0.0,6800.0,71.0,87.0,6958.0
0.0,130.0,3.0,2.0,6.0,,1.0,0.0,0.0,2200.0,182.0,34.0,2416.0
1.0,56.0,1.0,1.0,0.0,,0.0,0.0,0.0,1200.0,48.0,19.0,1267.0
1.0,20.0,1.0,1.0,0.0,,1.0,1.0,602.0,1800.0,130.0,23.0,2555.0
0.0,180.0,2.0,1.0,0.0,,1.0,0.0,0.0,2000.0,15.0,31.0,2046.0
1.0,340.0,8.0,5.0,4.0,,1.0,0.0,0.0,7000.0,1400.0,106.0,8506.0
1.0,600.0,4.0,5.0,6.0,,1.0,0.0,0.0,6000.0,3000.0,51.0,9051.0
1.0,230.0,5.0,3.0,0.0,,1.0,0.0,0.0,7200.0,343.0,109.0,7652.0
1.0,40.0,1.0,1.0,0.0,,0.0,0.0,0.0,850.0,59.0,13.0,922.0
1.0,20.0,1.0,1.0,0.0,,1.0,1.0,0.0,2060.0,0.0,27.0,2087.0
0.0,60.0,1.0,1.0,1.0,,1.0,0.0,0.0,1300.0,30.0,20.0,1350.0
1.0,100.0,2.0,2.0,1.0,,1.0,0.0,0.0,2800.0,125.0,43.0,2968.0
1.0,240.0,3.0,2.0,1.0,,1.0,0.0,0.0,15000.0,667.0,226.0,15890.0
1.0,35.0,1.0,1.0,0.0,,1.0,0.0,0.0,1100.0,30.0,14.0,1144.0
1.0,248.0,3.0,4.0,4.0,,1.0,0.0,0.0,9000.0,1531.0,136.0,10670.0
1.0,25.0,1.0,1.0,0.0,,0.0,0.0,,1100.0,25.0,17.0,1142.0
1.0,192.0,3.0,3.0,2.0,,1.0,0.0,0.0,2750.0,0.0,42.0,2792.0
1.0,200.0,1.0,2.0,0.0,,1.0,0.0,0.0,1800.0,184.0,28.0,2012.0
1.0,264.0,3.0,5.0,0.0,,1.0,0.0,0.0,6000.0,488.0,91.0,6579.0
0.0,280.0,3.0,2.0,4.0,,0.0,0.0,0.0,3500.0,380.0,53.0,3933.0
1.0,215.0,3.0,3.0,4.0,,1.0,0.0,,4800.0,275.0,73.0,5148.0
1.0,200.0,3.0,2.0,4.0,,1.0,0.0,0.0,8500.0,407.0,128.0,9035.0
1.0,247.0,3.0,4.0,5.0,,1.0,1.0,750.0,3400.0,234.0,44.0,4428.0
1.0,132.0,3.0,3.0,2.0,,1.0,1.0,0.0,3130.0,192.0,48.0,3370.0
1.0,20.0,1.0,1.0,0.0,,0.0,0.0,0.0,1030.0,0.0,14.0,1044.0
1.0,206.0,2.0,1.0,3.0,,1.0,0.0,0.0,3500.0,214.0,53.0,3767.0
0.0,62.0,2.0,1.0,0.0,,0.0,0.0,0.0,1268.0,0.0,20.0,1288.0
0.0,375.0,4.0,5.0,0.0,,1.0,0.0,1200.0,10000.0,825.0,151.0,12180.0
1.0,15.0,1.0,1.0,0.0,,0.0,0.0,0.0,1200.0,0.0,16.0,1216.0
0.0,380.0,3.0,4.0,4.0,,1.0,0.0,3640.0,8000.0,534.0,121.0,12300.0
1.0,600.0,5.0,5.0,6.0,,1.0,0.0,0.0,12750.0,1059.0,192.0,14000.0
1.0,40.0,1.0,1.0,0.0,,0.0,0.0,0.0,780.0,17.0,12.0,809.0
0.0,306.0,3.0,2.0,2.0,,1.0,0.0,0.0,2500.0,422.0,38.0,2960.0
1.0,384.0,3.0,5.0,3.0,,1.0,0.0,0.0,10000.0,1050.0,151.0,11200.0
1.0,200.0,3.0,1.0,2.0,,1.0,0.0,0.0,4500.0,292.0,68.0,4860.0
1.0,350.0,3.0,2.0,4.0,,1.0,0.0,0.0,12500.0,1334.0,188.0,14020.0
1.0,130.0,3.0,3.0,0.0,,1.0,0.0,0.0,4500.0,167.0,68.0,4735.0
0.0,600.0,5.0,5.0,4.0,,1.0,0.0,3300.0,5000.0,916.0,76.0,9292.0
0.0,28.0,1.0,1.0,0.0,,0.0,1.0,0.0,1390.0,0.0,18.0,1408.0
1.0,160.0,3.0,2.0,2.0,,0.0,0.0,0.0,3500.0,250.0,53.0,3803.0
